<?xml version="1.0" encoding="UTF-8" standalone="no"?>
<project>
	<configuration id="cdt.managedbuild.config.gnu.cross.exe.release.933537612.2007164391.1935209187" name="Release">
		<extension point="org.eclipse.cdt.core.LanguageSettingsProvider">
			<provider class="org.eclipse.cdt.managedbuilder.language.settings.providers.GCCBuildCommandParser" id="org.eclipse.cdt.managedbuilder.core.GCCBuildCommandParser" keep-relative-paths="false" name="CDT GCC Build Output Parser" parameter="(arm-cm3-eabi-gcc)|(arm-cm3-eabi-g++)" prefer-non-shared="true" resource-scope="per-project" store-entries-with-project="true">
				<language id="org.eclipse.cdt.core.g++">
					<resource project-relative-path="">
						<entry kind="macro" name="__CoActionOS__" value=""/>
						<entry kind="macro" name="__lpc17xx" value=""/>
					</resource>
				</language>
			</provider>
			<provider class="org.eclipse.cdt.managedbuilder.language.settings.providers.GCCBuiltinSpecsDetector" console="false" id="org.eclipse.cdt.managedbuilder.core.GCCBuiltinSpecsDetector" keep-relative-paths="false" name="CDT GCC Builtin Compiler Settings" parameter="arm-cm3-eabi-g++ -E -P -v -dD ${INPUTS}" store-entries-with-project="true">
				<language-scope id="org.eclipse.cdt.core.gcc"/>
				<language-scope id="org.eclipse.cdt.core.g++"/>
				<language id="org.eclipse.cdt.core.gcc">
					<entry kind="includePath" name="C:/CoActionOS-Compiler/CoActionOS/arm-cm3-eabi/include/c++/4.7.3">
						<flag value="BUILTIN|READONLY"/>
					</entry>
					<entry kind="includePath" name="C:/CoActionOS-Compiler/CoActionOS/arm-cm3-eabi/include/c++/4.7.3/arm-cm3-eabi">
						<flag value="BUILTIN|READONLY"/>
					</entry>
					<entry kind="includePath" name="C:/CoActionOS-Compiler/CoActionOS/arm-cm3-eabi/include/c++/4.7.3/backward">
						<flag value="BUILTIN|READONLY"/>
					</entry>
					<entry kind="includePath" name="C:/CoActionOS-Compiler/CoActionOS/lib/gcc/arm-cm3-eabi/4.7.3/include">
						<flag value="BUILTIN|READONLY"/>
					</entry>
					<entry kind="includePath" name="C:/CoActionOS-Compiler/CoActionOS/lib/gcc/arm-cm3-eabi/4.7.3/include-fixed">
						<flag value="BUILTIN|READONLY"/>
					</entry>
					<entry kind="includePath" name="C:/CoActionOS-Compiler/CoActionOS/arm-cm3-eabi/include">
						<flag value="BUILTIN|READONLY"/>
					</entry>
					<entry kind="macro" name="__ACCUM_EPSILON__" value="0x1P-15K">
						<flag value="BUILTIN|READONLY"/>
					</entry>
					<entry kind="macro" name="__ACCUM_FBIT__" value="15">
						<flag value="BUILTIN|READONLY"/>
					</entry>
					<entry kind="macro" name="__ACCUM_IBIT__" value="16">
						<flag value="BUILTIN|READONLY"/>
					</entry>
					<entry kind="macro" name="__ACCUM_MAX__" value="0X7FFFFFFFP-15K">
						<flag value="BUILTIN|READONLY"/>
					</entry>
					<entry kind="macro" name="__ACCUM_MIN__" value="(-0X1P15K-0X1P15K)">
						<flag value="BUILTIN|READONLY"/>
					</entry>
					<entry kind="macro" name="__APCS_32__" value="1">
						<flag value="BUILTIN|READONLY"/>
					</entry>
					<entry kind="macro" name="__ARMEL__" value="1">
						<flag value="BUILTIN|READONLY"/>
					</entry>
					<entry kind="macro" name="__ARM_ARCH_7M__" value="1">
						<flag value="BUILTIN|READONLY"/>
					</entry>
					<entry kind="macro" name="__ARM_ARCH_EXT_IDIV__" value="1">
						<flag value="BUILTIN|READONLY"/>
					</entry>
					<entry kind="macro" name="__ARM_EABI__" value="1">
						<flag value="BUILTIN|READONLY"/>
					</entry>
					<entry kind="macro" name="__ARM_FEATURE_UNALIGNED" value="1">
						<flag value="BUILTIN|READONLY"/>
					</entry>
					<entry kind="macro" name="__ARM_PCS" value="1">
						<flag value="BUILTIN|READONLY"/>
					</entry>
					<entry kind="macro" name="__ATOMIC_ACQUIRE" value="2">
						<flag value="BUILTIN|READONLY"/>
					</entry>
					<entry kind="macro" name="__ATOMIC_ACQ_REL" value="4">
						<flag value="BUILTIN|READONLY"/>
					</entry>
					<entry kind="macro" name="__ATOMIC_CONSUME" value="1">
						<flag value="BUILTIN|READONLY"/>
					</entry>
					<entry kind="macro" name="__ATOMIC_RELAXED" value="0">
						<flag value="BUILTIN|READONLY"/>
					</entry>
					<entry kind="macro" name="__ATOMIC_RELEASE" value="3">
						<flag value="BUILTIN|READONLY"/>
					</entry>
					<entry kind="macro" name="__ATOMIC_SEQ_CST" value="5">
						<flag value="BUILTIN|READONLY"/>
					</entry>
					<entry kind="macro" name="__BIGGEST_ALIGNMENT__" value="8">
						<flag value="BUILTIN|READONLY"/>
					</entry>
					<entry kind="macro" name="__BYTE_ORDER__" value="__ORDER_LITTLE_ENDIAN__">
						<flag value="BUILTIN|READONLY"/>
					</entry>
					<entry kind="macro" name="__CHAR16_TYPE__" value="short unsigned int">
						<flag value="BUILTIN|READONLY"/>
					</entry>
					<entry kind="macro" name="__CHAR32_TYPE__" value="long unsigned int">
						<flag value="BUILTIN|READONLY"/>
					</entry>
					<entry kind="macro" name="__CHAR_BIT__" value="8">
						<flag value="BUILTIN|READONLY"/>
					</entry>
					<entry kind="macro" name="__CHAR_UNSIGNED__" value="1">
						<flag value="BUILTIN|READONLY"/>
					</entry>
					<entry kind="macro" name="__DA_FBIT__" value="31">
						<flag value="BUILTIN|READONLY"/>
					</entry>
					<entry kind="macro" name="__DA_IBIT__" value="32">
						<flag value="BUILTIN|READONLY"/>
					</entry>
					<entry kind="macro" name="__DBL_DECIMAL_DIG__" value="17">
						<flag value="BUILTIN|READONLY"/>
					</entry>
					<entry kind="macro" name="__DBL_DENORM_MIN__" value="double(4.9406564584124654e-324L)">
						<flag value="BUILTIN|READONLY"/>
					</entry>
					<entry kind="macro" name="__DBL_DIG__" value="15">
						<flag value="BUILTIN|READONLY"/>
					</entry>
					<entry kind="macro" name="__DBL_EPSILON__" value="double(2.2204460492503131e-16L)">
						<flag value="BUILTIN|READONLY"/>
					</entry>
					<entry kind="macro" name="__DBL_HAS_DENORM__" value="1">
						<flag value="BUILTIN|READONLY"/>
					</entry>
					<entry kind="macro" name="__DBL_HAS_INFINITY__" value="1">
						<flag value="BUILTIN|READONLY"/>
					</entry>
					<entry kind="macro" name="__DBL_HAS_QUIET_NAN__" value="1">
						<flag value="BUILTIN|READONLY"/>
					</entry>
					<entry kind="macro" name="__DBL_MANT_DIG__" value="53">
						<flag value="BUILTIN|READONLY"/>
					</entry>
					<entry kind="macro" name="__DBL_MAX_10_EXP__" value="308">
						<flag value="BUILTIN|READONLY"/>
					</entry>
					<entry kind="macro" name="__DBL_MAX_EXP__" value="1024">
						<flag value="BUILTIN|READONLY"/>
					</entry>
					<entry kind="macro" name="__DBL_MAX__" value="double(1.7976931348623157e+308L)">
						<flag value="BUILTIN|READONLY"/>
					</entry>
					<entry kind="macro" name="__DBL_MIN_10_EXP__" value="(-307)">
						<flag value="BUILTIN|READONLY"/>
					</entry>
					<entry kind="macro" name="__DBL_MIN_EXP__" value="(-1021)">
						<flag value="BUILTIN|READONLY"/>
					</entry>
					<entry kind="macro" name="__DBL_MIN__" value="double(2.2250738585072014e-308L)">
						<flag value="BUILTIN|READONLY"/>
					</entry>
					<entry kind="macro" name="__DEC128_EPSILON__" value="1E-33DL">
						<flag value="BUILTIN|READONLY"/>
					</entry>
					<entry kind="macro" name="__DEC128_MANT_DIG__" value="34">
						<flag value="BUILTIN|READONLY"/>
					</entry>
					<entry kind="macro" name="__DEC128_MAX_EXP__" value="6145">
						<flag value="BUILTIN|READONLY"/>
					</entry>
					<entry kind="macro" name="__DEC128_MAX__" value="9.999999999999999999999999999999999E6144DL">
						<flag value="BUILTIN|READONLY"/>
					</entry>
					<entry kind="macro" name="__DEC128_MIN_EXP__" value="(-6142)">
						<flag value="BUILTIN|READONLY"/>
					</entry>
					<entry kind="macro" name="__DEC128_MIN__" value="1E-6143DL">
						<flag value="BUILTIN|READONLY"/>
					</entry>
					<entry kind="macro" name="__DEC128_SUBNORMAL_MIN__" value="0.000000000000000000000000000000001E-6143DL">
						<flag value="BUILTIN|READONLY"/>
					</entry>
					<entry kind="macro" name="__DEC32_EPSILON__" value="1E-6DF">
						<flag value="BUILTIN|READONLY"/>
					</entry>
					<entry kind="macro" name="__DEC32_MANT_DIG__" value="7">
						<flag value="BUILTIN|READONLY"/>
					</entry>
					<entry kind="macro" name="__DEC32_MAX_EXP__" value="97">
						<flag value="BUILTIN|READONLY"/>
					</entry>
					<entry kind="macro" name="__DEC32_MAX__" value="9.999999E96DF">
						<flag value="BUILTIN|READONLY"/>
					</entry>
					<entry kind="macro" name="__DEC32_MIN_EXP__" value="(-94)">
						<flag value="BUILTIN|READONLY"/>
					</entry>
					<entry kind="macro" name="__DEC32_MIN__" value="1E-95DF">
						<flag value="BUILTIN|READONLY"/>
					</entry>
					<entry kind="macro" name="__DEC32_SUBNORMAL_MIN__" value="0.000001E-95DF">
						<flag value="BUILTIN|READONLY"/>
					</entry>
					<entry kind="macro" name="__DEC64_EPSILON__" value="1E-15DD">
						<flag value="BUILTIN|READONLY"/>
					</entry>
					<entry kind="macro" name="__DEC64_MANT_DIG__" value="16">
						<flag value="BUILTIN|READONLY"/>
					</entry>
					<entry kind="macro" name="__DEC64_MAX_EXP__" value="385">
						<flag value="BUILTIN|READONLY"/>
					</entry>
					<entry kind="macro" name="__DEC64_MAX__" value="9.999999999999999E384DD">
						<flag value="BUILTIN|READONLY"/>
					</entry>
					<entry kind="macro" name="__DEC64_MIN_EXP__" value="(-382)">
						<flag value="BUILTIN|READONLY"/>
					</entry>
					<entry kind="macro" name="__DEC64_MIN__" value="1E-383DD">
						<flag value="BUILTIN|READONLY"/>
					</entry>
					<entry kind="macro" name="__DEC64_SUBNORMAL_MIN__" value="0.000000000000001E-383DD">
						<flag value="BUILTIN|READONLY"/>
					</entry>
					<entry kind="macro" name="__DECIMAL_DIG__" value="17">
						<flag value="BUILTIN|READONLY"/>
					</entry>
					<entry kind="macro" name="__DEC_EVAL_METHOD__" value="2">
						<flag value="BUILTIN|READONLY"/>
					</entry>
					<entry kind="macro" name="__DEPRECATED" value="1">
						<flag value="BUILTIN|READONLY"/>
					</entry>
					<entry kind="macro" name="__DQ_FBIT__" value="63">
						<flag value="BUILTIN|READONLY"/>
					</entry>
					<entry kind="macro" name="__DQ_IBIT__" value="0">
						<flag value="BUILTIN|READONLY"/>
					</entry>
					<entry kind="macro" name="__ELF__" value="1">
						<flag value="BUILTIN|READONLY"/>
					</entry>
					<entry kind="macro" name="__EXCEPTIONS" value="1">
						<flag value="BUILTIN|READONLY"/>
					</entry>
					<entry kind="macro" name="__FINITE_MATH_ONLY__" value="0">
						<flag value="BUILTIN|READONLY"/>
					</entry>
					<entry kind="macro" name="__FLOAT_WORD_ORDER__" value="__ORDER_LITTLE_ENDIAN__">
						<flag value="BUILTIN|READONLY"/>
					</entry>
					<entry kind="macro" name="__FLT_DECIMAL_DIG__" value="9">
						<flag value="BUILTIN|READONLY"/>
					</entry>
					<entry kind="macro" name="__FLT_DENORM_MIN__" value="1.4012984643248171e-45F">
						<flag value="BUILTIN|READONLY"/>
					</entry>
					<entry kind="macro" name="__FLT_DIG__" value="6">
						<flag value="BUILTIN|READONLY"/>
					</entry>
					<entry kind="macro" name="__FLT_EPSILON__" value="1.1920928955078125e-7F">
						<flag value="BUILTIN|READONLY"/>
					</entry>
					<entry kind="macro" name="__FLT_EVAL_METHOD__" value="0">
						<flag value="BUILTIN|READONLY"/>
					</entry>
					<entry kind="macro" name="__FLT_HAS_DENORM__" value="1">
						<flag value="BUILTIN|READONLY"/>
					</entry>
					<entry kind="macro" name="__FLT_HAS_INFINITY__" value="1">
						<flag value="BUILTIN|READONLY"/>
					</entry>
					<entry kind="macro" name="__FLT_HAS_QUIET_NAN__" value="1">
						<flag value="BUILTIN|READONLY"/>
					</entry>
					<entry kind="macro" name="__FLT_MANT_DIG__" value="24">
						<flag value="BUILTIN|READONLY"/>
					</entry>
					<entry kind="macro" name="__FLT_MAX_10_EXP__" value="38">
						<flag value="BUILTIN|READONLY"/>
					</entry>
					<entry kind="macro" name="__FLT_MAX_EXP__" value="128">
						<flag value="BUILTIN|READONLY"/>
					</entry>
					<entry kind="macro" name="__FLT_MAX__" value="3.4028234663852886e+38F">
						<flag value="BUILTIN|READONLY"/>
					</entry>
					<entry kind="macro" name="__FLT_MIN_10_EXP__" value="(-37)">
						<flag value="BUILTIN|READONLY"/>
					</entry>
					<entry kind="macro" name="__FLT_MIN_EXP__" value="(-125)">
						<flag value="BUILTIN|READONLY"/>
					</entry>
					<entry kind="macro" name="__FLT_MIN__" value="1.1754943508222875e-38F">
						<flag value="BUILTIN|READONLY"/>
					</entry>
					<entry kind="macro" name="__FLT_RADIX__" value="2">
						<flag value="BUILTIN|READONLY"/>
					</entry>
					<entry kind="macro" name="__FRACT_EPSILON__" value="0x1P-15R">
						<flag value="BUILTIN|READONLY"/>
					</entry>
					<entry kind="macro" name="__FRACT_FBIT__" value="15">
						<flag value="BUILTIN|READONLY"/>
					</entry>
					<entry kind="macro" name="__FRACT_IBIT__" value="0">
						<flag value="BUILTIN|READONLY"/>
					</entry>
					<entry kind="macro" name="__FRACT_MAX__" value="0X7FFFP-15R">
						<flag value="BUILTIN|READONLY"/>
					</entry>
					<entry kind="macro" name="__FRACT_MIN__" value="(-0.5R-0.5R)">
						<flag value="BUILTIN|READONLY"/>
					</entry>
					<entry kind="macro" name="__GCC_ATOMIC_BOOL_LOCK_FREE" value="2">
						<flag value="BUILTIN|READONLY"/>
					</entry>
					<entry kind="macro" name="__GCC_ATOMIC_CHAR16_T_LOCK_FREE" value="2">
						<flag value="BUILTIN|READONLY"/>
					</entry>
					<entry kind="macro" name="__GCC_ATOMIC_CHAR32_T_LOCK_FREE" value="2">
						<flag value="BUILTIN|READONLY"/>
					</entry>
					<entry kind="macro" name="__GCC_ATOMIC_CHAR_LOCK_FREE" value="2">
						<flag value="BUILTIN|READONLY"/>
					</entry>
					<entry kind="macro" name="__GCC_ATOMIC_INT_LOCK_FREE" value="2">
						<flag value="BUILTIN|READONLY"/>
					</entry>
					<entry kind="macro" name="__GCC_ATOMIC_LLONG_LOCK_FREE" value="1">
						<flag value="BUILTIN|READONLY"/>
					</entry>
					<entry kind="macro" name="__GCC_ATOMIC_LONG_LOCK_FREE" value="2">
						<flag value="BUILTIN|READONLY"/>
					</entry>
					<entry kind="macro" name="__GCC_ATOMIC_POINTER_LOCK_FREE" value="2">
						<flag value="BUILTIN|READONLY"/>
					</entry>
					<entry kind="macro" name="__GCC_ATOMIC_SHORT_LOCK_FREE" value="2">
						<flag value="BUILTIN|READONLY"/>
					</entry>
					<entry kind="macro" name="__GCC_ATOMIC_TEST_AND_SET_TRUEVAL" value="1">
						<flag value="BUILTIN|READONLY"/>
					</entry>
					<entry kind="macro" name="__GCC_ATOMIC_WCHAR_T_LOCK_FREE" value="2">
						<flag value="BUILTIN|READONLY"/>
					</entry>
					<entry kind="macro" name="__GCC_HAVE_SYNC_COMPARE_AND_SWAP_1" value="1">
						<flag value="BUILTIN|READONLY"/>
					</entry>
					<entry kind="macro" name="__GCC_HAVE_SYNC_COMPARE_AND_SWAP_2" value="1">
						<flag value="BUILTIN|READONLY"/>
					</entry>
					<entry kind="macro" name="__GCC_HAVE_SYNC_COMPARE_AND_SWAP_4" value="1">
						<flag value="BUILTIN|READONLY"/>
					</entry>
					<entry kind="macro" name="__GNUC_GNU_INLINE__" value="1">
						<flag value="BUILTIN|READONLY"/>
					</entry>
					<entry kind="macro" name="__GNUC_MINOR__" value="7">
						<flag value="BUILTIN|READONLY"/>
					</entry>
					<entry kind="macro" name="__GNUC_PATCHLEVEL__" value="3">
						<flag value="BUILTIN|READONLY"/>
					</entry>
					<entry kind="macro" name="__GNUC__" value="4">
						<flag value="BUILTIN|READONLY"/>
					</entry>
					<entry kind="macro" name="__GNUG__" value="4">
						<flag value="BUILTIN|READONLY"/>
					</entry>
					<entry kind="macro" name="__GXX_ABI_VERSION" value="1002">
						<flag value="BUILTIN|READONLY"/>
					</entry>
					<entry kind="macro" name="__GXX_RTTI" value="1">
						<flag value="BUILTIN|READONLY"/>
					</entry>
					<entry kind="macro" name="__GXX_TYPEINFO_EQUALITY_INLINE" value="0">
						<flag value="BUILTIN|READONLY"/>
					</entry>
					<entry kind="macro" name="__GXX_WEAK__" value="1">
						<flag value="BUILTIN|READONLY"/>
					</entry>
					<entry kind="macro" name="__HA_FBIT__" value="7">
						<flag value="BUILTIN|READONLY"/>
					</entry>
					<entry kind="macro" name="__HA_IBIT__" value="8">
						<flag value="BUILTIN|READONLY"/>
					</entry>
					<entry kind="macro" name="__HQ_FBIT__" value="15">
						<flag value="BUILTIN|READONLY"/>
					</entry>
					<entry kind="macro" name="__HQ_IBIT__" value="0">
						<flag value="BUILTIN|READONLY"/>
					</entry>
					<entry kind="macro" name="__INT16_C(c)" value="c">
						<flag value="BUILTIN|READONLY"/>
					</entry>
					<entry kind="macro" name="__INT16_MAX__" value="32767">
						<flag value="BUILTIN|READONLY"/>
					</entry>
					<entry kind="macro" name="__INT16_TYPE__" value="short int">
						<flag value="BUILTIN|READONLY"/>
					</entry>
					<entry kind="macro" name="__INT32_C(c)" value="c ## L">
						<flag value="BUILTIN|READONLY"/>
					</entry>
					<entry kind="macro" name="__INT32_MAX__" value="2147483647L">
						<flag value="BUILTIN|READONLY"/>
					</entry>
					<entry kind="macro" name="__INT32_TYPE__" value="long int">
						<flag value="BUILTIN|READONLY"/>
					</entry>
					<entry kind="macro" name="__INT64_C(c)" value="c ## LL">
						<flag value="BUILTIN|READONLY"/>
					</entry>
					<entry kind="macro" name="__INT64_MAX__" value="9223372036854775807LL">
						<flag value="BUILTIN|READONLY"/>
					</entry>
					<entry kind="macro" name="__INT64_TYPE__" value="long long int">
						<flag value="BUILTIN|READONLY"/>
					</entry>
					<entry kind="macro" name="__INT8_C(c)" value="c">
						<flag value="BUILTIN|READONLY"/>
					</entry>
					<entry kind="macro" name="__INT8_MAX__" value="127">
						<flag value="BUILTIN|READONLY"/>
					</entry>
					<entry kind="macro" name="__INT8_TYPE__" value="signed char">
						<flag value="BUILTIN|READONLY"/>
					</entry>
					<entry kind="macro" name="__INTMAX_C(c)" value="c ## LL">
						<flag value="BUILTIN|READONLY"/>
					</entry>
					<entry kind="macro" name="__INTMAX_MAX__" value="9223372036854775807LL">
						<flag value="BUILTIN|READONLY"/>
					</entry>
					<entry kind="macro" name="__INTMAX_TYPE__" value="long long int">
						<flag value="BUILTIN|READONLY"/>
					</entry>
					<entry kind="macro" name="__INTPTR_MAX__" value="2147483647">
						<flag value="BUILTIN|READONLY"/>
					</entry>
					<entry kind="macro" name="__INTPTR_TYPE__" value="int">
						<flag value="BUILTIN|READONLY"/>
					</entry>
					<entry kind="macro" name="__INT_FAST16_MAX__" value="2147483647">
						<flag value="BUILTIN|READONLY"/>
					</entry>
					<entry kind="macro" name="__INT_FAST16_TYPE__" value="int">
						<flag value="BUILTIN|READONLY"/>
					</entry>
					<entry kind="macro" name="__INT_FAST32_MAX__" value="2147483647">
						<flag value="BUILTIN|READONLY"/>
					</entry>
					<entry kind="macro" name="__INT_FAST32_TYPE__" value="int">
						<flag value="BUILTIN|READONLY"/>
					</entry>
					<entry kind="macro" name="__INT_FAST64_MAX__" value="9223372036854775807LL">
						<flag value="BUILTIN|READONLY"/>
					</entry>
					<entry kind="macro" name="__INT_FAST64_TYPE__" value="long long int">
						<flag value="BUILTIN|READONLY"/>
					</entry>
					<entry kind="macro" name="__INT_FAST8_MAX__" value="2147483647">
						<flag value="BUILTIN|READONLY"/>
					</entry>
					<entry kind="macro" name="__INT_FAST8_TYPE__" value="int">
						<flag value="BUILTIN|READONLY"/>
					</entry>
					<entry kind="macro" name="__INT_LEAST16_MAX__" value="32767">
						<flag value="BUILTIN|READONLY"/>
					</entry>
					<entry kind="macro" name="__INT_LEAST16_TYPE__" value="short int">
						<flag value="BUILTIN|READONLY"/>
					</entry>
					<entry kind="macro" name="__INT_LEAST32_MAX__" value="2147483647L">
						<flag value="BUILTIN|READONLY"/>
					</entry>
					<entry kind="macro" name="__INT_LEAST32_TYPE__" value="long int">
						<flag value="BUILTIN|READONLY"/>
					</entry>
					<entry kind="macro" name="__INT_LEAST64_MAX__" value="9223372036854775807LL">
						<flag value="BUILTIN|READONLY"/>
					</entry>
					<entry kind="macro" name="__INT_LEAST64_TYPE__" value="long long int">
						<flag value="BUILTIN|READONLY"/>
					</entry>
					<entry kind="macro" name="__INT_LEAST8_MAX__" value="127">
						<flag value="BUILTIN|READONLY"/>
					</entry>
					<entry kind="macro" name="__INT_LEAST8_TYPE__" value="signed char">
						<flag value="BUILTIN|READONLY"/>
					</entry>
					<entry kind="macro" name="__INT_MAX__" value="2147483647">
						<flag value="BUILTIN|READONLY"/>
					</entry>
					<entry kind="macro" name="__LACCUM_EPSILON__" value="0x1P-31LK">
						<flag value="BUILTIN|READONLY"/>
					</entry>
					<entry kind="macro" name="__LACCUM_FBIT__" value="31">
						<flag value="BUILTIN|READONLY"/>
					</entry>
					<entry kind="macro" name="__LACCUM_IBIT__" value="32">
						<flag value="BUILTIN|READONLY"/>
					</entry>
					<entry kind="macro" name="__LACCUM_MAX__" value="0X7FFFFFFFFFFFFFFFP-31LK">
						<flag value="BUILTIN|READONLY"/>
					</entry>
					<entry kind="macro" name="__LACCUM_MIN__" value="(-0X1P31LK-0X1P31LK)">
						<flag value="BUILTIN|READONLY"/>
					</entry>
					<entry kind="macro" name="__LDBL_DENORM_MIN__" value="4.9406564584124654e-324L">
						<flag value="BUILTIN|READONLY"/>
					</entry>
					<entry kind="macro" name="__LDBL_DIG__" value="15">
						<flag value="BUILTIN|READONLY"/>
					</entry>
					<entry kind="macro" name="__LDBL_EPSILON__" value="2.2204460492503131e-16L">
						<flag value="BUILTIN|READONLY"/>
					</entry>
					<entry kind="macro" name="__LDBL_HAS_DENORM__" value="1">
						<flag value="BUILTIN|READONLY"/>
					</entry>
					<entry kind="macro" name="__LDBL_HAS_INFINITY__" value="1">
						<flag value="BUILTIN|READONLY"/>
					</entry>
					<entry kind="macro" name="__LDBL_HAS_QUIET_NAN__" value="1">
						<flag value="BUILTIN|READONLY"/>
					</entry>
					<entry kind="macro" name="__LDBL_MANT_DIG__" value="53">
						<flag value="BUILTIN|READONLY"/>
					</entry>
					<entry kind="macro" name="__LDBL_MAX_10_EXP__" value="308">
						<flag value="BUILTIN|READONLY"/>
					</entry>
					<entry kind="macro" name="__LDBL_MAX_EXP__" value="1024">
						<flag value="BUILTIN|READONLY"/>
					</entry>
					<entry kind="macro" name="__LDBL_MAX__" value="1.7976931348623157e+308L">
						<flag value="BUILTIN|READONLY"/>
					</entry>
					<entry kind="macro" name="__LDBL_MIN_10_EXP__" value="(-307)">
						<flag value="BUILTIN|READONLY"/>
					</entry>
					<entry kind="macro" name="__LDBL_MIN_EXP__" value="(-1021)">
						<flag value="BUILTIN|READONLY"/>
					</entry>
					<entry kind="macro" name="__LDBL_MIN__" value="2.2250738585072014e-308L">
						<flag value="BUILTIN|READONLY"/>
					</entry>
					<entry kind="macro" name="__LFRACT_EPSILON__" value="0x1P-31LR">
						<flag value="BUILTIN|READONLY"/>
					</entry>
					<entry kind="macro" name="__LFRACT_FBIT__" value="31">
						<flag value="BUILTIN|READONLY"/>
					</entry>
					<entry kind="macro" name="__LFRACT_IBIT__" value="0">
						<flag value="BUILTIN|READONLY"/>
					</entry>
					<entry kind="macro" name="__LFRACT_MAX__" value="0X7FFFFFFFP-31LR">
						<flag value="BUILTIN|READONLY"/>
					</entry>
					<entry kind="macro" name="__LFRACT_MIN__" value="(-0.5LR-0.5LR)">
						<flag value="BUILTIN|READONLY"/>
					</entry>
					<entry kind="macro" name="__LLACCUM_EPSILON__" value="0x1P-31LLK">
						<flag value="BUILTIN|READONLY"/>
					</entry>
					<entry kind="macro" name="__LLACCUM_FBIT__" value="31">
						<flag value="BUILTIN|READONLY"/>
					</entry>
					<entry kind="macro" name="__LLACCUM_IBIT__" value="32">
						<flag value="BUILTIN|READONLY"/>
					</entry>
					<entry kind="macro" name="__LLACCUM_MAX__" value="0X7FFFFFFFFFFFFFFFP-31LLK">
						<flag value="BUILTIN|READONLY"/>
					</entry>
					<entry kind="macro" name="__LLACCUM_MIN__" value="(-0X1P31LLK-0X1P31LLK)">
						<flag value="BUILTIN|READONLY"/>
					</entry>
					<entry kind="macro" name="__LLFRACT_EPSILON__" value="0x1P-63LLR">
						<flag value="BUILTIN|READONLY"/>
					</entry>
					<entry kind="macro" name="__LLFRACT_FBIT__" value="63">
						<flag value="BUILTIN|READONLY"/>
					</entry>
					<entry kind="macro" name="__LLFRACT_IBIT__" value="0">
						<flag value="BUILTIN|READONLY"/>
					</entry>
					<entry kind="macro" name="__LLFRACT_MAX__" value="0X7FFFFFFFFFFFFFFFP-63LLR">
						<flag value="BUILTIN|READONLY"/>
					</entry>
					<entry kind="macro" name="__LLFRACT_MIN__" value="(-0.5LLR-0.5LLR)">
						<flag value="BUILTIN|READONLY"/>
					</entry>
					<entry kind="macro" name="__LONG_LONG_MAX__" value="9223372036854775807LL">
						<flag value="BUILTIN|READONLY"/>
					</entry>
					<entry kind="macro" name="__LONG_MAX__" value="2147483647L">
						<flag value="BUILTIN|READONLY"/>
					</entry>
					<entry kind="macro" name="__NO_INLINE__" value="1">
						<flag value="BUILTIN|READONLY"/>
					</entry>
					<entry kind="macro" name="__ORDER_BIG_ENDIAN__" value="4321">
						<flag value="BUILTIN|READONLY"/>
					</entry>
					<entry kind="macro" name="__ORDER_LITTLE_ENDIAN__" value="1234">
						<flag value="BUILTIN|READONLY"/>
					</entry>
					<entry kind="macro" name="__ORDER_PDP_ENDIAN__" value="3412">
						<flag value="BUILTIN|READONLY"/>
					</entry>
					<entry kind="macro" name="__PRAGMA_REDEFINE_EXTNAME" value="1">
						<flag value="BUILTIN|READONLY"/>
					</entry>
					<entry kind="macro" name="__PTRDIFF_MAX__" value="2147483647">
						<flag value="BUILTIN|READONLY"/>
					</entry>
					<entry kind="macro" name="__PTRDIFF_TYPE__" value="int">
						<flag value="BUILTIN|READONLY"/>
					</entry>
					<entry kind="macro" name="__QQ_FBIT__" value="7">
						<flag value="BUILTIN|READONLY"/>
					</entry>
					<entry kind="macro" name="__QQ_IBIT__" value="0">
						<flag value="BUILTIN|READONLY"/>
					</entry>
					<entry kind="macro" name="__REGISTER_PREFIX__" value="">
						<flag value="BUILTIN|READONLY"/>
					</entry>
					<entry kind="macro" name="__SACCUM_EPSILON__" value="0x1P-7HK">
						<flag value="BUILTIN|READONLY"/>
					</entry>
					<entry kind="macro" name="__SACCUM_FBIT__" value="7">
						<flag value="BUILTIN|READONLY"/>
					</entry>
					<entry kind="macro" name="__SACCUM_IBIT__" value="8">
						<flag value="BUILTIN|READONLY"/>
					</entry>
					<entry kind="macro" name="__SACCUM_MAX__" value="0X7FFFP-7HK">
						<flag value="BUILTIN|READONLY"/>
					</entry>
					<entry kind="macro" name="__SACCUM_MIN__" value="(-0X1P7HK-0X1P7HK)">
						<flag value="BUILTIN|READONLY"/>
					</entry>
					<entry kind="macro" name="__SA_FBIT__" value="15">
						<flag value="BUILTIN|READONLY"/>
					</entry>
					<entry kind="macro" name="__SA_IBIT__" value="16">
						<flag value="BUILTIN|READONLY"/>
					</entry>
					<entry kind="macro" name="__SCHAR_MAX__" value="127">
						<flag value="BUILTIN|READONLY"/>
					</entry>
					<entry kind="macro" name="__SFRACT_EPSILON__" value="0x1P-7HR">
						<flag value="BUILTIN|READONLY"/>
					</entry>
					<entry kind="macro" name="__SFRACT_FBIT__" value="7">
						<flag value="BUILTIN|READONLY"/>
					</entry>
					<entry kind="macro" name="__SFRACT_IBIT__" value="0">
						<flag value="BUILTIN|READONLY"/>
					</entry>
					<entry kind="macro" name="__SFRACT_MAX__" value="0X7FP-7HR">
						<flag value="BUILTIN|READONLY"/>
					</entry>
					<entry kind="macro" name="__SFRACT_MIN__" value="(-0.5HR-0.5HR)">
						<flag value="BUILTIN|READONLY"/>
					</entry>
					<entry kind="macro" name="__SHRT_MAX__" value="32767">
						<flag value="BUILTIN|READONLY"/>
					</entry>
					<entry kind="macro" name="__SIG_ATOMIC_MAX__" value="2147483647">
						<flag value="BUILTIN|READONLY"/>
					</entry>
					<entry kind="macro" name="__SIG_ATOMIC_MIN__" value="(-__SIG_ATOMIC_MAX__ - 1)">
						<flag value="BUILTIN|READONLY"/>
					</entry>
					<entry kind="macro" name="__SIG_ATOMIC_TYPE__" value="int">
						<flag value="BUILTIN|READONLY"/>
					</entry>
					<entry kind="macro" name="__SIZEOF_DOUBLE__" value="8">
						<flag value="BUILTIN|READONLY"/>
					</entry>
					<entry kind="macro" name="__SIZEOF_FLOAT__" value="4">
						<flag value="BUILTIN|READONLY"/>
					</entry>
					<entry kind="macro" name="__SIZEOF_INT__" value="4">
						<flag value="BUILTIN|READONLY"/>
					</entry>
					<entry kind="macro" name="__SIZEOF_LONG_DOUBLE__" value="8">
						<flag value="BUILTIN|READONLY"/>
					</entry>
					<entry kind="macro" name="__SIZEOF_LONG_LONG__" value="8">
						<flag value="BUILTIN|READONLY"/>
					</entry>
					<entry kind="macro" name="__SIZEOF_LONG__" value="4">
						<flag value="BUILTIN|READONLY"/>
					</entry>
					<entry kind="macro" name="__SIZEOF_POINTER__" value="4">
						<flag value="BUILTIN|READONLY"/>
					</entry>
					<entry kind="macro" name="__SIZEOF_PTRDIFF_T__" value="4">
						<flag value="BUILTIN|READONLY"/>
					</entry>
					<entry kind="macro" name="__SIZEOF_SHORT__" value="2">
						<flag value="BUILTIN|READONLY"/>
					</entry>
					<entry kind="macro" name="__SIZEOF_SIZE_T__" value="4">
						<flag value="BUILTIN|READONLY"/>
					</entry>
					<entry kind="macro" name="__SIZEOF_WCHAR_T__" value="4">
						<flag value="BUILTIN|READONLY"/>
					</entry>
					<entry kind="macro" name="__SIZEOF_WINT_T__" value="4">
						<flag value="BUILTIN|READONLY"/>
					</entry>
					<entry kind="macro" name="__SIZE_MAX__" value="4294967295U">
						<flag value="BUILTIN|READONLY"/>
					</entry>
					<entry kind="macro" name="__SIZE_TYPE__" value="unsigned int">
						<flag value="BUILTIN|READONLY"/>
					</entry>
					<entry kind="macro" name="__SOFTFP__" value="1">
						<flag value="BUILTIN|READONLY"/>
					</entry>
					<entry kind="macro" name="__SQ_FBIT__" value="31">
						<flag value="BUILTIN|READONLY"/>
					</entry>
					<entry kind="macro" name="__SQ_IBIT__" value="0">
						<flag value="BUILTIN|READONLY"/>
					</entry>
					<entry kind="macro" name="__STDC_HOSTED__" value="1">
						<flag value="BUILTIN|READONLY"/>
					</entry>
					<entry kind="macro" name="__STDC__" value="1">
						<flag value="BUILTIN|READONLY"/>
					</entry>
					<entry kind="macro" name="__TA_FBIT__" value="63">
						<flag value="BUILTIN|READONLY"/>
					</entry>
					<entry kind="macro" name="__TA_IBIT__" value="64">
						<flag value="BUILTIN|READONLY"/>
					</entry>
					<entry kind="macro" name="__THUMBEL__" value="1">
						<flag value="BUILTIN|READONLY"/>
					</entry>
					<entry kind="macro" name="__THUMB_INTERWORK__" value="1">
						<flag value="BUILTIN|READONLY"/>
					</entry>
					<entry kind="macro" name="__TQ_FBIT__" value="127">
						<flag value="BUILTIN|READONLY"/>
					</entry>
					<entry kind="macro" name="__TQ_IBIT__" value="0">
						<flag value="BUILTIN|READONLY"/>
					</entry>
					<entry kind="macro" name="__UACCUM_EPSILON__" value="0x1P-16UK">
						<flag value="BUILTIN|READONLY"/>
					</entry>
					<entry kind="macro" name="__UACCUM_FBIT__" value="16">
						<flag value="BUILTIN|READONLY"/>
					</entry>
					<entry kind="macro" name="__UACCUM_IBIT__" value="16">
						<flag value="BUILTIN|READONLY"/>
					</entry>
					<entry kind="macro" name="__UACCUM_MAX__" value="0XFFFFFFFFP-16UK">
						<flag value="BUILTIN|READONLY"/>
					</entry>
					<entry kind="macro" name="__UACCUM_MIN__" value="0.0UK">
						<flag value="BUILTIN|READONLY"/>
					</entry>
					<entry kind="macro" name="__UDA_FBIT__" value="32">
						<flag value="BUILTIN|READONLY"/>
					</entry>
					<entry kind="macro" name="__UDA_IBIT__" value="32">
						<flag value="BUILTIN|READONLY"/>
					</entry>
					<entry kind="macro" name="__UDQ_FBIT__" value="64">
						<flag value="BUILTIN|READONLY"/>
					</entry>
					<entry kind="macro" name="__UDQ_IBIT__" value="0">
						<flag value="BUILTIN|READONLY"/>
					</entry>
					<entry kind="macro" name="__UFRACT_EPSILON__" value="0x1P-16UR">
						<flag value="BUILTIN|READONLY"/>
					</entry>
					<entry kind="macro" name="__UFRACT_FBIT__" value="16">
						<flag value="BUILTIN|READONLY"/>
					</entry>
					<entry kind="macro" name="__UFRACT_IBIT__" value="0">
						<flag value="BUILTIN|READONLY"/>
					</entry>
					<entry kind="macro" name="__UFRACT_MAX__" value="0XFFFFP-16UR">
						<flag value="BUILTIN|READONLY"/>
					</entry>
					<entry kind="macro" name="__UFRACT_MIN__" value="0.0UR">
						<flag value="BUILTIN|READONLY"/>
					</entry>
					<entry kind="macro" name="__UHA_FBIT__" value="8">
						<flag value="BUILTIN|READONLY"/>
					</entry>
					<entry kind="macro" name="__UHA_IBIT__" value="8">
						<flag value="BUILTIN|READONLY"/>
					</entry>
					<entry kind="macro" name="__UHQ_FBIT__" value="16">
						<flag value="BUILTIN|READONLY"/>
					</entry>
					<entry kind="macro" name="__UHQ_IBIT__" value="0">
						<flag value="BUILTIN|READONLY"/>
					</entry>
					<entry kind="macro" name="__UINT16_C(c)" value="c">
						<flag value="BUILTIN|READONLY"/>
					</entry>
					<entry kind="macro" name="__UINT16_MAX__" value="65535">
						<flag value="BUILTIN|READONLY"/>
					</entry>
					<entry kind="macro" name="__UINT16_TYPE__" value="short unsigned int">
						<flag value="BUILTIN|READONLY"/>
					</entry>
					<entry kind="macro" name="__UINT32_C(c)" value="c ## UL">
						<flag value="BUILTIN|READONLY"/>
					</entry>
					<entry kind="macro" name="__UINT32_MAX__" value="4294967295UL">
						<flag value="BUILTIN|READONLY"/>
					</entry>
					<entry kind="macro" name="__UINT32_TYPE__" value="long unsigned int">
						<flag value="BUILTIN|READONLY"/>
					</entry>
					<entry kind="macro" name="__UINT64_C(c)" value="c ## ULL">
						<flag value="BUILTIN|READONLY"/>
					</entry>
					<entry kind="macro" name="__UINT64_MAX__" value="18446744073709551615ULL">
						<flag value="BUILTIN|READONLY"/>
					</entry>
					<entry kind="macro" name="__UINT64_TYPE__" value="long long unsigned int">
						<flag value="BUILTIN|READONLY"/>
					</entry>
					<entry kind="macro" name="__UINT8_C(c)" value="c">
						<flag value="BUILTIN|READONLY"/>
					</entry>
					<entry kind="macro" name="__UINT8_MAX__" value="255">
						<flag value="BUILTIN|READONLY"/>
					</entry>
					<entry kind="macro" name="__UINT8_TYPE__" value="unsigned char">
						<flag value="BUILTIN|READONLY"/>
					</entry>
					<entry kind="macro" name="__UINTMAX_C(c)" value="c ## ULL">
						<flag value="BUILTIN|READONLY"/>
					</entry>
					<entry kind="macro" name="__UINTMAX_MAX__" value="18446744073709551615ULL">
						<flag value="BUILTIN|READONLY"/>
					</entry>
					<entry kind="macro" name="__UINTMAX_TYPE__" value="long long unsigned int">
						<flag value="BUILTIN|READONLY"/>
					</entry>
					<entry kind="macro" name="__UINTPTR_MAX__" value="4294967295U">
						<flag value="BUILTIN|READONLY"/>
					</entry>
					<entry kind="macro" name="__UINTPTR_TYPE__" value="unsigned int">
						<flag value="BUILTIN|READONLY"/>
					</entry>
					<entry kind="macro" name="__UINT_FAST16_MAX__" value="4294967295U">
						<flag value="BUILTIN|READONLY"/>
					</entry>
					<entry kind="macro" name="__UINT_FAST16_TYPE__" value="unsigned int">
						<flag value="BUILTIN|READONLY"/>
					</entry>
					<entry kind="macro" name="__UINT_FAST32_MAX__" value="4294967295U">
						<flag value="BUILTIN|READONLY"/>
					</entry>
					<entry kind="macro" name="__UINT_FAST32_TYPE__" value="unsigned int">
						<flag value="BUILTIN|READONLY"/>
					</entry>
					<entry kind="macro" name="__UINT_FAST64_MAX__" value="18446744073709551615ULL">
						<flag value="BUILTIN|READONLY"/>
					</entry>
					<entry kind="macro" name="__UINT_FAST64_TYPE__" value="long long unsigned int">
						<flag value="BUILTIN|READONLY"/>
					</entry>
					<entry kind="macro" name="__UINT_FAST8_MAX__" value="4294967295U">
						<flag value="BUILTIN|READONLY"/>
					</entry>
					<entry kind="macro" name="__UINT_FAST8_TYPE__" value="unsigned int">
						<flag value="BUILTIN|READONLY"/>
					</entry>
					<entry kind="macro" name="__UINT_LEAST16_MAX__" value="65535">
						<flag value="BUILTIN|READONLY"/>
					</entry>
					<entry kind="macro" name="__UINT_LEAST16_TYPE__" value="short unsigned int">
						<flag value="BUILTIN|READONLY"/>
					</entry>
					<entry kind="macro" name="__UINT_LEAST32_MAX__" value="4294967295UL">
						<flag value="BUILTIN|READONLY"/>
					</entry>
					<entry kind="macro" name="__UINT_LEAST32_TYPE__" value="long unsigned int">
						<flag value="BUILTIN|READONLY"/>
					</entry>
					<entry kind="macro" name="__UINT_LEAST64_MAX__" value="18446744073709551615ULL">
						<flag value="BUILTIN|READONLY"/>
					</entry>
					<entry kind="macro" name="__UINT_LEAST64_TYPE__" value="long long unsigned int">
						<flag value="BUILTIN|READONLY"/>
					</entry>
					<entry kind="macro" name="__UINT_LEAST8_MAX__" value="255">
						<flag value="BUILTIN|READONLY"/>
					</entry>
					<entry kind="macro" name="__UINT_LEAST8_TYPE__" value="unsigned char">
						<flag value="BUILTIN|READONLY"/>
					</entry>
					<entry kind="macro" name="__ULACCUM_EPSILON__" value="0x1P-32ULK">
						<flag value="BUILTIN|READONLY"/>
					</entry>
					<entry kind="macro" name="__ULACCUM_FBIT__" value="32">
						<flag value="BUILTIN|READONLY"/>
					</entry>
					<entry kind="macro" name="__ULACCUM_IBIT__" value="32">
						<flag value="BUILTIN|READONLY"/>
					</entry>
					<entry kind="macro" name="__ULACCUM_MAX__" value="0XFFFFFFFFFFFFFFFFP-32ULK">
						<flag value="BUILTIN|READONLY"/>
					</entry>
					<entry kind="macro" name="__ULACCUM_MIN__" value="0.0ULK">
						<flag value="BUILTIN|READONLY"/>
					</entry>
					<entry kind="macro" name="__ULFRACT_EPSILON__" value="0x1P-32ULR">
						<flag value="BUILTIN|READONLY"/>
					</entry>
					<entry kind="macro" name="__ULFRACT_FBIT__" value="32">
						<flag value="BUILTIN|READONLY"/>
					</entry>
					<entry kind="macro" name="__ULFRACT_IBIT__" value="0">
						<flag value="BUILTIN|READONLY"/>
					</entry>
					<entry kind="macro" name="__ULFRACT_MAX__" value="0XFFFFFFFFP-32ULR">
						<flag value="BUILTIN|READONLY"/>
					</entry>
					<entry kind="macro" name="__ULFRACT_MIN__" value="0.0ULR">
						<flag value="BUILTIN|READONLY"/>
					</entry>
					<entry kind="macro" name="__ULLACCUM_EPSILON__" value="0x1P-32ULLK">
						<flag value="BUILTIN|READONLY"/>
					</entry>
					<entry kind="macro" name="__ULLACCUM_FBIT__" value="32">
						<flag value="BUILTIN|READONLY"/>
					</entry>
					<entry kind="macro" name="__ULLACCUM_IBIT__" value="32">
						<flag value="BUILTIN|READONLY"/>
					</entry>
					<entry kind="macro" name="__ULLACCUM_MAX__" value="0XFFFFFFFFFFFFFFFFP-32ULLK">
						<flag value="BUILTIN|READONLY"/>
					</entry>
					<entry kind="macro" name="__ULLACCUM_MIN__" value="0.0ULLK">
						<flag value="BUILTIN|READONLY"/>
					</entry>
					<entry kind="macro" name="__ULLFRACT_EPSILON__" value="0x1P-64ULLR">
						<flag value="BUILTIN|READONLY"/>
					</entry>
					<entry kind="macro" name="__ULLFRACT_FBIT__" value="64">
						<flag value="BUILTIN|READONLY"/>
					</entry>
					<entry kind="macro" name="__ULLFRACT_IBIT__" value="0">
						<flag value="BUILTIN|READONLY"/>
					</entry>
					<entry kind="macro" name="__ULLFRACT_MAX__" value="0XFFFFFFFFFFFFFFFFP-64ULLR">
						<flag value="BUILTIN|READONLY"/>
					</entry>
					<entry kind="macro" name="__ULLFRACT_MIN__" value="0.0ULLR">
						<flag value="BUILTIN|READONLY"/>
					</entry>
					<entry kind="macro" name="__UQQ_FBIT__" value="8">
						<flag value="BUILTIN|READONLY"/>
					</entry>
					<entry kind="macro" name="__UQQ_IBIT__" value="0">
						<flag value="BUILTIN|READONLY"/>
					</entry>
					<entry kind="macro" name="__USACCUM_EPSILON__" value="0x1P-8UHK">
						<flag value="BUILTIN|READONLY"/>
					</entry>
					<entry kind="macro" name="__USACCUM_FBIT__" value="8">
						<flag value="BUILTIN|READONLY"/>
					</entry>
					<entry kind="macro" name="__USACCUM_IBIT__" value="8">
						<flag value="BUILTIN|READONLY"/>
					</entry>
					<entry kind="macro" name="__USACCUM_MAX__" value="0XFFFFP-8UHK">
						<flag value="BUILTIN|READONLY"/>
					</entry>
					<entry kind="macro" name="__USACCUM_MIN__" value="0.0UHK">
						<flag value="BUILTIN|READONLY"/>
					</entry>
					<entry kind="macro" name="__USA_FBIT__" value="16">
						<flag value="BUILTIN|READONLY"/>
					</entry>
					<entry kind="macro" name="__USA_IBIT__" value="16">
						<flag value="BUILTIN|READONLY"/>
					</entry>
					<entry kind="macro" name="__USER_LABEL_PREFIX__" value="">
						<flag value="BUILTIN|READONLY"/>
					</entry>
					<entry kind="macro" name="__USES_INITFINI__" value="1">
						<flag value="BUILTIN|READONLY"/>
					</entry>
					<entry kind="macro" name="__USFRACT_EPSILON__" value="0x1P-8UHR">
						<flag value="BUILTIN|READONLY"/>
					</entry>
					<entry kind="macro" name="__USFRACT_FBIT__" value="8">
						<flag value="BUILTIN|READONLY"/>
					</entry>
					<entry kind="macro" name="__USFRACT_IBIT__" value="0">
						<flag value="BUILTIN|READONLY"/>
					</entry>
					<entry kind="macro" name="__USFRACT_MAX__" value="0XFFP-8UHR">
						<flag value="BUILTIN|READONLY"/>
					</entry>
					<entry kind="macro" name="__USFRACT_MIN__" value="0.0UHR">
						<flag value="BUILTIN|READONLY"/>
					</entry>
					<entry kind="macro" name="__USQ_FBIT__" value="32">
						<flag value="BUILTIN|READONLY"/>
					</entry>
					<entry kind="macro" name="__USQ_IBIT__" value="0">
						<flag value="BUILTIN|READONLY"/>
					</entry>
					<entry kind="macro" name="__UTA_FBIT__" value="64">
						<flag value="BUILTIN|READONLY"/>
					</entry>
					<entry kind="macro" name="__UTA_IBIT__" value="64">
						<flag value="BUILTIN|READONLY"/>
					</entry>
					<entry kind="macro" name="__UTQ_FBIT__" value="128">
						<flag value="BUILTIN|READONLY"/>
					</entry>
					<entry kind="macro" name="__UTQ_IBIT__" value="0">
						<flag value="BUILTIN|READONLY"/>
					</entry>
					<entry kind="macro" name="__VERSION__" value="&quot;4.7.3&quot;">
						<flag value="BUILTIN|READONLY"/>
					</entry>
					<entry kind="macro" name="__VFP_FP__" value="1">
						<flag value="BUILTIN|READONLY"/>
					</entry>
					<entry kind="macro" name="__WCHAR_MAX__" value="4294967295U">
						<flag value="BUILTIN|READONLY"/>
					</entry>
					<entry kind="macro" name="__WCHAR_MIN__" value="0U">
						<flag value="BUILTIN|READONLY"/>
					</entry>
					<entry kind="macro" name="__WCHAR_TYPE__" value="unsigned int">
						<flag value="BUILTIN|READONLY"/>
					</entry>
					<entry kind="macro" name="__WCHAR_UNSIGNED__" value="1">
						<flag value="BUILTIN|READONLY"/>
					</entry>
					<entry kind="macro" name="__WINT_MAX__" value="4294967295U">
						<flag value="BUILTIN|READONLY"/>
					</entry>
					<entry kind="macro" name="__WINT_MIN__" value="0U">
						<flag value="BUILTIN|READONLY"/>
					</entry>
					<entry kind="macro" name="__WINT_TYPE__" value="unsigned int">
						<flag value="BUILTIN|READONLY"/>
					</entry>
					<entry kind="macro" name="__arm__" value="1">
						<flag value="BUILTIN|READONLY"/>
					</entry>
					<entry kind="macro" name="__cplusplus" value="199711L">
						<flag value="BUILTIN|READONLY"/>
					</entry>
					<entry kind="macro" name="__thumb2__" value="1">
						<flag value="BUILTIN|READONLY"/>
					</entry>
					<entry kind="macro" name="__thumb__" value="1">
						<flag value="BUILTIN|READONLY"/>
					</entry>
				</language>
				<language id="org.eclipse.cdt.core.g++">
					<entry kind="includePath" name="C:/CoActionOS-Compiler/CoActionOS/arm-cm3-eabi/include/c++/4.7.3">
						<flag value="BUILTIN|READONLY"/>
					</entry>
					<entry kind="includePath" name="C:/CoActionOS-Compiler/CoActionOS/arm-cm3-eabi/include/c++/4.7.3/arm-cm3-eabi">
						<flag value="BUILTIN|READONLY"/>
					</entry>
					<entry kind="includePath" name="C:/CoActionOS-Compiler/CoActionOS/arm-cm3-eabi/include/c++/4.7.3/backward">
						<flag value="BUILTIN|READONLY"/>
					</entry>
					<entry kind="includePath" name="C:/CoActionOS-Compiler/CoActionOS/lib/gcc/arm-cm3-eabi/4.7.3/include">
						<flag value="BUILTIN|READONLY"/>
					</entry>
					<entry kind="includePath" name="C:/CoActionOS-Compiler/CoActionOS/lib/gcc/arm-cm3-eabi/4.7.3/include-fixed">
						<flag value="BUILTIN|READONLY"/>
					</entry>
					<entry kind="includePath" name="C:/CoActionOS-Compiler/CoActionOS/arm-cm3-eabi/include">
						<flag value="BUILTIN|READONLY"/>
					</entry>
					<entry kind="macro" name="__ACCUM_EPSILON__" value="0x1P-15K">
						<flag value="BUILTIN|READONLY"/>
					</entry>
					<entry kind="macro" name="__ACCUM_FBIT__" value="15">
						<flag value="BUILTIN|READONLY"/>
					</entry>
					<entry kind="macro" name="__ACCUM_IBIT__" value="16">
						<flag value="BUILTIN|READONLY"/>
					</entry>
					<entry kind="macro" name="__ACCUM_MAX__" value="0X7FFFFFFFP-15K">
						<flag value="BUILTIN|READONLY"/>
					</entry>
					<entry kind="macro" name="__ACCUM_MIN__" value="(-0X1P15K-0X1P15K)">
						<flag value="BUILTIN|READONLY"/>
					</entry>
					<entry kind="macro" name="__APCS_32__" value="1">
						<flag value="BUILTIN|READONLY"/>
					</entry>
					<entry kind="macro" name="__ARMEL__" value="1">
						<flag value="BUILTIN|READONLY"/>
					</entry>
					<entry kind="macro" name="__ARM_ARCH_7M__" value="1">
						<flag value="BUILTIN|READONLY"/>
					</entry>
					<entry kind="macro" name="__ARM_ARCH_EXT_IDIV__" value="1">
						<flag value="BUILTIN|READONLY"/>
					</entry>
					<entry kind="macro" name="__ARM_EABI__" value="1">
						<flag value="BUILTIN|READONLY"/>
					</entry>
					<entry kind="macro" name="__ARM_FEATURE_UNALIGNED" value="1">
						<flag value="BUILTIN|READONLY"/>
					</entry>
					<entry kind="macro" name="__ARM_PCS" value="1">
						<flag value="BUILTIN|READONLY"/>
					</entry>
					<entry kind="macro" name="__ATOMIC_ACQUIRE" value="2">
						<flag value="BUILTIN|READONLY"/>
					</entry>
					<entry kind="macro" name="__ATOMIC_ACQ_REL" value="4">
						<flag value="BUILTIN|READONLY"/>
					</entry>
					<entry kind="macro" name="__ATOMIC_CONSUME" value="1">
						<flag value="BUILTIN|READONLY"/>
					</entry>
					<entry kind="macro" name="__ATOMIC_RELAXED" value="0">
						<flag value="BUILTIN|READONLY"/>
					</entry>
					<entry kind="macro" name="__ATOMIC_RELEASE" value="3">
						<flag value="BUILTIN|READONLY"/>
					</entry>
					<entry kind="macro" name="__ATOMIC_SEQ_CST" value="5">
						<flag value="BUILTIN|READONLY"/>
					</entry>
					<entry kind="macro" name="__BIGGEST_ALIGNMENT__" value="8">
						<flag value="BUILTIN|READONLY"/>
					</entry>
					<entry kind="macro" name="__BYTE_ORDER__" value="__ORDER_LITTLE_ENDIAN__">
						<flag value="BUILTIN|READONLY"/>
					</entry>
					<entry kind="macro" name="__CHAR16_TYPE__" value="short unsigned int">
						<flag value="BUILTIN|READONLY"/>
					</entry>
					<entry kind="macro" name="__CHAR32_TYPE__" value="long unsigned int">
						<flag value="BUILTIN|READONLY"/>
					</entry>
					<entry kind="macro" name="__CHAR_BIT__" value="8">
						<flag value="BUILTIN|READONLY"/>
					</entry>
					<entry kind="macro" name="__CHAR_UNSIGNED__" value="1">
						<flag value="BUILTIN|READONLY"/>
					</entry>
					<entry kind="macro" name="__DA_FBIT__" value="31">
						<flag value="BUILTIN|READONLY"/>
					</entry>
					<entry kind="macro" name="__DA_IBIT__" value="32">
						<flag value="BUILTIN|READONLY"/>
					</entry>
					<entry kind="macro" name="__DBL_DECIMAL_DIG__" value="17">
						<flag value="BUILTIN|READONLY"/>
					</entry>
					<entry kind="macro" name="__DBL_DENORM_MIN__" value="double(4.9406564584124654e-324L)">
						<flag value="BUILTIN|READONLY"/>
					</entry>
					<entry kind="macro" name="__DBL_DIG__" value="15">
						<flag value="BUILTIN|READONLY"/>
					</entry>
					<entry kind="macro" name="__DBL_EPSILON__" value="double(2.2204460492503131e-16L)">
						<flag value="BUILTIN|READONLY"/>
					</entry>
					<entry kind="macro" name="__DBL_HAS_DENORM__" value="1">
						<flag value="BUILTIN|READONLY"/>
					</entry>
					<entry kind="macro" name="__DBL_HAS_INFINITY__" value="1">
						<flag value="BUILTIN|READONLY"/>
					</entry>
					<entry kind="macro" name="__DBL_HAS_QUIET_NAN__" value="1">
						<flag value="BUILTIN|READONLY"/>
					</entry>
					<entry kind="macro" name="__DBL_MANT_DIG__" value="53">
						<flag value="BUILTIN|READONLY"/>
					</entry>
					<entry kind="macro" name="__DBL_MAX_10_EXP__" value="308">
						<flag value="BUILTIN|READONLY"/>
					</entry>
					<entry kind="macro" name="__DBL_MAX_EXP__" value="1024">
						<flag value="BUILTIN|READONLY"/>
					</entry>
					<entry kind="macro" name="__DBL_MAX__" value="double(1.7976931348623157e+308L)">
						<flag value="BUILTIN|READONLY"/>
					</entry>
					<entry kind="macro" name="__DBL_MIN_10_EXP__" value="(-307)">
						<flag value="BUILTIN|READONLY"/>
					</entry>
					<entry kind="macro" name="__DBL_MIN_EXP__" value="(-1021)">
						<flag value="BUILTIN|READONLY"/>
					</entry>
					<entry kind="macro" name="__DBL_MIN__" value="double(2.2250738585072014e-308L)">
						<flag value="BUILTIN|READONLY"/>
					</entry>
					<entry kind="macro" name="__DEC128_EPSILON__" value="1E-33DL">
						<flag value="BUILTIN|READONLY"/>
					</entry>
					<entry kind="macro" name="__DEC128_MANT_DIG__" value="34">
						<flag value="BUILTIN|READONLY"/>
					</entry>
					<entry kind="macro" name="__DEC128_MAX_EXP__" value="6145">
						<flag value="BUILTIN|READONLY"/>
					</entry>
					<entry kind="macro" name="__DEC128_MAX__" value="9.999999999999999999999999999999999E6144DL">
						<flag value="BUILTIN|READONLY"/>
					</entry>
					<entry kind="macro" name="__DEC128_MIN_EXP__" value="(-6142)">
						<flag value="BUILTIN|READONLY"/>
					</entry>
					<entry kind="macro" name="__DEC128_MIN__" value="1E-6143DL">
						<flag value="BUILTIN|READONLY"/>
					</entry>
					<entry kind="macro" name="__DEC128_SUBNORMAL_MIN__" value="0.000000000000000000000000000000001E-6143DL">
						<flag value="BUILTIN|READONLY"/>
					</entry>
					<entry kind="macro" name="__DEC32_EPSILON__" value="1E-6DF">
						<flag value="BUILTIN|READONLY"/>
					</entry>
					<entry kind="macro" name="__DEC32_MANT_DIG__" value="7">
						<flag value="BUILTIN|READONLY"/>
					</entry>
					<entry kind="macro" name="__DEC32_MAX_EXP__" value="97">
						<flag value="BUILTIN|READONLY"/>
					</entry>
					<entry kind="macro" name="__DEC32_MAX__" value="9.999999E96DF">
						<flag value="BUILTIN|READONLY"/>
					</entry>
					<entry kind="macro" name="__DEC32_MIN_EXP__" value="(-94)">
						<flag value="BUILTIN|READONLY"/>
					</entry>
					<entry kind="macro" name="__DEC32_MIN__" value="1E-95DF">
						<flag value="BUILTIN|READONLY"/>
					</entry>
					<entry kind="macro" name="__DEC32_SUBNORMAL_MIN__" value="0.000001E-95DF">
						<flag value="BUILTIN|READONLY"/>
					</entry>
					<entry kind="macro" name="__DEC64_EPSILON__" value="1E-15DD">
						<flag value="BUILTIN|READONLY"/>
					</entry>
					<entry kind="macro" name="__DEC64_MANT_DIG__" value="16">
						<flag value="BUILTIN|READONLY"/>
					</entry>
					<entry kind="macro" name="__DEC64_MAX_EXP__" value="385">
						<flag value="BUILTIN|READONLY"/>
					</entry>
					<entry kind="macro" name="__DEC64_MAX__" value="9.999999999999999E384DD">
						<flag value="BUILTIN|READONLY"/>
					</entry>
					<entry kind="macro" name="__DEC64_MIN_EXP__" value="(-382)">
						<flag value="BUILTIN|READONLY"/>
					</entry>
					<entry kind="macro" name="__DEC64_MIN__" value="1E-383DD">
						<flag value="BUILTIN|READONLY"/>
					</entry>
					<entry kind="macro" name="__DEC64_SUBNORMAL_MIN__" value="0.000000000000001E-383DD">
						<flag value="BUILTIN|READONLY"/>
					</entry>
					<entry kind="macro" name="__DECIMAL_DIG__" value="17">
						<flag value="BUILTIN|READONLY"/>
					</entry>
					<entry kind="macro" name="__DEC_EVAL_METHOD__" value="2">
						<flag value="BUILTIN|READONLY"/>
					</entry>
					<entry kind="macro" name="__DEPRECATED" value="1">
						<flag value="BUILTIN|READONLY"/>
					</entry>
					<entry kind="macro" name="__DQ_FBIT__" value="63">
						<flag value="BUILTIN|READONLY"/>
					</entry>
					<entry kind="macro" name="__DQ_IBIT__" value="0">
						<flag value="BUILTIN|READONLY"/>
					</entry>
					<entry kind="macro" name="__ELF__" value="1">
						<flag value="BUILTIN|READONLY"/>
					</entry>
					<entry kind="macro" name="__EXCEPTIONS" value="1">
						<flag value="BUILTIN|READONLY"/>
					</entry>
					<entry kind="macro" name="__FINITE_MATH_ONLY__" value="0">
						<flag value="BUILTIN|READONLY"/>
					</entry>
					<entry kind="macro" name="__FLOAT_WORD_ORDER__" value="__ORDER_LITTLE_ENDIAN__">
						<flag value="BUILTIN|READONLY"/>
					</entry>
					<entry kind="macro" name="__FLT_DECIMAL_DIG__" value="9">
						<flag value="BUILTIN|READONLY"/>
					</entry>
					<entry kind="macro" name="__FLT_DENORM_MIN__" value="1.4012984643248171e-45F">
						<flag value="BUILTIN|READONLY"/>
					</entry>
					<entry kind="macro" name="__FLT_DIG__" value="6">
						<flag value="BUILTIN|READONLY"/>
					</entry>
					<entry kind="macro" name="__FLT_EPSILON__" value="1.1920928955078125e-7F">
						<flag value="BUILTIN|READONLY"/>
					</entry>
					<entry kind="macro" name="__FLT_EVAL_METHOD__" value="0">
						<flag value="BUILTIN|READONLY"/>
					</entry>
					<entry kind="macro" name="__FLT_HAS_DENORM__" value="1">
						<flag value="BUILTIN|READONLY"/>
					</entry>
					<entry kind="macro" name="__FLT_HAS_INFINITY__" value="1">
						<flag value="BUILTIN|READONLY"/>
					</entry>
					<entry kind="macro" name="__FLT_HAS_QUIET_NAN__" value="1">
						<flag value="BUILTIN|READONLY"/>
					</entry>
					<entry kind="macro" name="__FLT_MANT_DIG__" value="24">
						<flag value="BUILTIN|READONLY"/>
					</entry>
					<entry kind="macro" name="__FLT_MAX_10_EXP__" value="38">
						<flag value="BUILTIN|READONLY"/>
					</entry>
					<entry kind="macro" name="__FLT_MAX_EXP__" value="128">
						<flag value="BUILTIN|READONLY"/>
					</entry>
					<entry kind="macro" name="__FLT_MAX__" value="3.4028234663852886e+38F">
						<flag value="BUILTIN|READONLY"/>
					</entry>
					<entry kind="macro" name="__FLT_MIN_10_EXP__" value="(-37)">
						<flag value="BUILTIN|READONLY"/>
					</entry>
					<entry kind="macro" name="__FLT_MIN_EXP__" value="(-125)">
						<flag value="BUILTIN|READONLY"/>
					</entry>
					<entry kind="macro" name="__FLT_MIN__" value="1.1754943508222875e-38F">
						<flag value="BUILTIN|READONLY"/>
					</entry>
					<entry kind="macro" name="__FLT_RADIX__" value="2">
						<flag value="BUILTIN|READONLY"/>
					</entry>
					<entry kind="macro" name="__FRACT_EPSILON__" value="0x1P-15R">
						<flag value="BUILTIN|READONLY"/>
					</entry>
					<entry kind="macro" name="__FRACT_FBIT__" value="15">
						<flag value="BUILTIN|READONLY"/>
					</entry>
					<entry kind="macro" name="__FRACT_IBIT__" value="0">
						<flag value="BUILTIN|READONLY"/>
					</entry>
					<entry kind="macro" name="__FRACT_MAX__" value="0X7FFFP-15R">
						<flag value="BUILTIN|READONLY"/>
					</entry>
					<entry kind="macro" name="__FRACT_MIN__" value="(-0.5R-0.5R)">
						<flag value="BUILTIN|READONLY"/>
					</entry>
					<entry kind="macro" name="__GCC_ATOMIC_BOOL_LOCK_FREE" value="2">
						<flag value="BUILTIN|READONLY"/>
					</entry>
					<entry kind="macro" name="__GCC_ATOMIC_CHAR16_T_LOCK_FREE" value="2">
						<flag value="BUILTIN|READONLY"/>
					</entry>
					<entry kind="macro" name="__GCC_ATOMIC_CHAR32_T_LOCK_FREE" value="2">
						<flag value="BUILTIN|READONLY"/>
					</entry>
					<entry kind="macro" name="__GCC_ATOMIC_CHAR_LOCK_FREE" value="2">
						<flag value="BUILTIN|READONLY"/>
					</entry>
					<entry kind="macro" name="__GCC_ATOMIC_INT_LOCK_FREE" value="2">
						<flag value="BUILTIN|READONLY"/>
					</entry>
					<entry kind="macro" name="__GCC_ATOMIC_LLONG_LOCK_FREE" value="1">
						<flag value="BUILTIN|READONLY"/>
					</entry>
					<entry kind="macro" name="__GCC_ATOMIC_LONG_LOCK_FREE" value="2">
						<flag value="BUILTIN|READONLY"/>
					</entry>
					<entry kind="macro" name="__GCC_ATOMIC_POINTER_LOCK_FREE" value="2">
						<flag value="BUILTIN|READONLY"/>
					</entry>
					<entry kind="macro" name="__GCC_ATOMIC_SHORT_LOCK_FREE" value="2">
						<flag value="BUILTIN|READONLY"/>
					</entry>
					<entry kind="macro" name="__GCC_ATOMIC_TEST_AND_SET_TRUEVAL" value="1">
						<flag value="BUILTIN|READONLY"/>
					</entry>
					<entry kind="macro" name="__GCC_ATOMIC_WCHAR_T_LOCK_FREE" value="2">
						<flag value="BUILTIN|READONLY"/>
					</entry>
					<entry kind="macro" name="__GCC_HAVE_SYNC_COMPARE_AND_SWAP_1" value="1">
						<flag value="BUILTIN|READONLY"/>
					</entry>
					<entry kind="macro" name="__GCC_HAVE_SYNC_COMPARE_AND_SWAP_2" value="1">
						<flag value="BUILTIN|READONLY"/>
					</entry>
					<entry kind="macro" name="__GCC_HAVE_SYNC_COMPARE_AND_SWAP_4" value="1">
						<flag value="BUILTIN|READONLY"/>
					</entry>
					<entry kind="macro" name="__GNUC_GNU_INLINE__" value="1">
						<flag value="BUILTIN|READONLY"/>
					</entry>
					<entry kind="macro" name="__GNUC_MINOR__" value="7">
						<flag value="BUILTIN|READONLY"/>
					</entry>
					<entry kind="macro" name="__GNUC_PATCHLEVEL__" value="3">
						<flag value="BUILTIN|READONLY"/>
					</entry>
					<entry kind="macro" name="__GNUC__" value="4">
						<flag value="BUILTIN|READONLY"/>
					</entry>
					<entry kind="macro" name="__GNUG__" value="4">
						<flag value="BUILTIN|READONLY"/>
					</entry>
					<entry kind="macro" name="__GXX_ABI_VERSION" value="1002">
						<flag value="BUILTIN|READONLY"/>
					</entry>
					<entry kind="macro" name="__GXX_RTTI" value="1">
						<flag value="BUILTIN|READONLY"/>
					</entry>
					<entry kind="macro" name="__GXX_TYPEINFO_EQUALITY_INLINE" value="0">
						<flag value="BUILTIN|READONLY"/>
					</entry>
					<entry kind="macro" name="__GXX_WEAK__" value="1">
						<flag value="BUILTIN|READONLY"/>
					</entry>
					<entry kind="macro" name="__HA_FBIT__" value="7">
						<flag value="BUILTIN|READONLY"/>
					</entry>
					<entry kind="macro" name="__HA_IBIT__" value="8">
						<flag value="BUILTIN|READONLY"/>
					</entry>
					<entry kind="macro" name="__HQ_FBIT__" value="15">
						<flag value="BUILTIN|READONLY"/>
					</entry>
					<entry kind="macro" name="__HQ_IBIT__" value="0">
						<flag value="BUILTIN|READONLY"/>
					</entry>
					<entry kind="macro" name="__INT16_C(c)" value="c">
						<flag value="BUILTIN|READONLY"/>
					</entry>
					<entry kind="macro" name="__INT16_MAX__" value="32767">
						<flag value="BUILTIN|READONLY"/>
					</entry>
					<entry kind="macro" name="__INT16_TYPE__" value="short int">
						<flag value="BUILTIN|READONLY"/>
					</entry>
					<entry kind="macro" name="__INT32_C(c)" value="c ## L">
						<flag value="BUILTIN|READONLY"/>
					</entry>
					<entry kind="macro" name="__INT32_MAX__" value="2147483647L">
						<flag value="BUILTIN|READONLY"/>
					</entry>
					<entry kind="macro" name="__INT32_TYPE__" value="long int">
						<flag value="BUILTIN|READONLY"/>
					</entry>
					<entry kind="macro" name="__INT64_C(c)" value="c ## LL">
						<flag value="BUILTIN|READONLY"/>
					</entry>
					<entry kind="macro" name="__INT64_MAX__" value="9223372036854775807LL">
						<flag value="BUILTIN|READONLY"/>
					</entry>
					<entry kind="macro" name="__INT64_TYPE__" value="long long int">
						<flag value="BUILTIN|READONLY"/>
					</entry>
					<entry kind="macro" name="__INT8_C(c)" value="c">
						<flag value="BUILTIN|READONLY"/>
					</entry>
					<entry kind="macro" name="__INT8_MAX__" value="127">
						<flag value="BUILTIN|READONLY"/>
					</entry>
					<entry kind="macro" name="__INT8_TYPE__" value="signed char">
						<flag value="BUILTIN|READONLY"/>
					</entry>
					<entry kind="macro" name="__INTMAX_C(c)" value="c ## LL">
						<flag value="BUILTIN|READONLY"/>
					</entry>
					<entry kind="macro" name="__INTMAX_MAX__" value="9223372036854775807LL">
						<flag value="BUILTIN|READONLY"/>
					</entry>
					<entry kind="macro" name="__INTMAX_TYPE__" value="long long int">
						<flag value="BUILTIN|READONLY"/>
					</entry>
					<entry kind="macro" name="__INTPTR_MAX__" value="2147483647">
						<flag value="BUILTIN|READONLY"/>
					</entry>
					<entry kind="macro" name="__INTPTR_TYPE__" value="int">
						<flag value="BUILTIN|READONLY"/>
					</entry>
					<entry kind="macro" name="__INT_FAST16_MAX__" value="2147483647">
						<flag value="BUILTIN|READONLY"/>
					</entry>
					<entry kind="macro" name="__INT_FAST16_TYPE__" value="int">
						<flag value="BUILTIN|READONLY"/>
					</entry>
					<entry kind="macro" name="__INT_FAST32_MAX__" value="2147483647">
						<flag value="BUILTIN|READONLY"/>
					</entry>
					<entry kind="macro" name="__INT_FAST32_TYPE__" value="int">
						<flag value="BUILTIN|READONLY"/>
					</entry>
					<entry kind="macro" name="__INT_FAST64_MAX__" value="9223372036854775807LL">
						<flag value="BUILTIN|READONLY"/>
					</entry>
					<entry kind="macro" name="__INT_FAST64_TYPE__" value="long long int">
						<flag value="BUILTIN|READONLY"/>
					</entry>
					<entry kind="macro" name="__INT_FAST8_MAX__" value="2147483647">
						<flag value="BUILTIN|READONLY"/>
					</entry>
					<entry kind="macro" name="__INT_FAST8_TYPE__" value="int">
						<flag value="BUILTIN|READONLY"/>
					</entry>
					<entry kind="macro" name="__INT_LEAST16_MAX__" value="32767">
						<flag value="BUILTIN|READONLY"/>
					</entry>
					<entry kind="macro" name="__INT_LEAST16_TYPE__" value="short int">
						<flag value="BUILTIN|READONLY"/>
					</entry>
					<entry kind="macro" name="__INT_LEAST32_MAX__" value="2147483647L">
						<flag value="BUILTIN|READONLY"/>
					</entry>
					<entry kind="macro" name="__INT_LEAST32_TYPE__" value="long int">
						<flag value="BUILTIN|READONLY"/>
					</entry>
					<entry kind="macro" name="__INT_LEAST64_MAX__" value="9223372036854775807LL">
						<flag value="BUILTIN|READONLY"/>
					</entry>
					<entry kind="macro" name="__INT_LEAST64_TYPE__" value="long long int">
						<flag value="BUILTIN|READONLY"/>
					</entry>
					<entry kind="macro" name="__INT_LEAST8_MAX__" value="127">
						<flag value="BUILTIN|READONLY"/>
					</entry>
					<entry kind="macro" name="__INT_LEAST8_TYPE__" value="signed char">
						<flag value="BUILTIN|READONLY"/>
					</entry>
					<entry kind="macro" name="__INT_MAX__" value="2147483647">
						<flag value="BUILTIN|READONLY"/>
					</entry>
					<entry kind="macro" name="__LACCUM_EPSILON__" value="0x1P-31LK">
						<flag value="BUILTIN|READONLY"/>
					</entry>
					<entry kind="macro" name="__LACCUM_FBIT__" value="31">
						<flag value="BUILTIN|READONLY"/>
					</entry>
					<entry kind="macro" name="__LACCUM_IBIT__" value="32">
						<flag value="BUILTIN|READONLY"/>
					</entry>
					<entry kind="macro" name="__LACCUM_MAX__" value="0X7FFFFFFFFFFFFFFFP-31LK">
						<flag value="BUILTIN|READONLY"/>
					</entry>
					<entry kind="macro" name="__LACCUM_MIN__" value="(-0X1P31LK-0X1P31LK)">
						<flag value="BUILTIN|READONLY"/>
					</entry>
					<entry kind="macro" name="__LDBL_DENORM_MIN__" value="4.9406564584124654e-324L">
						<flag value="BUILTIN|READONLY"/>
					</entry>
					<entry kind="macro" name="__LDBL_DIG__" value="15">
						<flag value="BUILTIN|READONLY"/>
					</entry>
					<entry kind="macro" name="__LDBL_EPSILON__" value="2.2204460492503131e-16L">
						<flag value="BUILTIN|READONLY"/>
					</entry>
					<entry kind="macro" name="__LDBL_HAS_DENORM__" value="1">
						<flag value="BUILTIN|READONLY"/>
					</entry>
					<entry kind="macro" name="__LDBL_HAS_INFINITY__" value="1">
						<flag value="BUILTIN|READONLY"/>
					</entry>
					<entry kind="macro" name="__LDBL_HAS_QUIET_NAN__" value="1">
						<flag value="BUILTIN|READONLY"/>
					</entry>
					<entry kind="macro" name="__LDBL_MANT_DIG__" value="53">
						<flag value="BUILTIN|READONLY"/>
					</entry>
					<entry kind="macro" name="__LDBL_MAX_10_EXP__" value="308">
						<flag value="BUILTIN|READONLY"/>
					</entry>
					<entry kind="macro" name="__LDBL_MAX_EXP__" value="1024">
						<flag value="BUILTIN|READONLY"/>
					</entry>
					<entry kind="macro" name="__LDBL_MAX__" value="1.7976931348623157e+308L">
						<flag value="BUILTIN|READONLY"/>
					</entry>
					<entry kind="macro" name="__LDBL_MIN_10_EXP__" value="(-307)">
						<flag value="BUILTIN|READONLY"/>
					</entry>
					<entry kind="macro" name="__LDBL_MIN_EXP__" value="(-1021)">
						<flag value="BUILTIN|READONLY"/>
					</entry>
					<entry kind="macro" name="__LDBL_MIN__" value="2.2250738585072014e-308L">
						<flag value="BUILTIN|READONLY"/>
					</entry>
					<entry kind="macro" name="__LFRACT_EPSILON__" value="0x1P-31LR">
						<flag value="BUILTIN|READONLY"/>
					</entry>
					<entry kind="macro" name="__LFRACT_FBIT__" value="31">
						<flag value="BUILTIN|READONLY"/>
					</entry>
					<entry kind="macro" name="__LFRACT_IBIT__" value="0">
						<flag value="BUILTIN|READONLY"/>
					</entry>
					<entry kind="macro" name="__LFRACT_MAX__" value="0X7FFFFFFFP-31LR">
						<flag value="BUILTIN|READONLY"/>
					</entry>
					<entry kind="macro" name="__LFRACT_MIN__" value="(-0.5LR-0.5LR)">
						<flag value="BUILTIN|READONLY"/>
					</entry>
					<entry kind="macro" name="__LLACCUM_EPSILON__" value="0x1P-31LLK">
						<flag value="BUILTIN|READONLY"/>
					</entry>
					<entry kind="macro" name="__LLACCUM_FBIT__" value="31">
						<flag value="BUILTIN|READONLY"/>
					</entry>
					<entry kind="macro" name="__LLACCUM_IBIT__" value="32">
						<flag value="BUILTIN|READONLY"/>
					</entry>
					<entry kind="macro" name="__LLACCUM_MAX__" value="0X7FFFFFFFFFFFFFFFP-31LLK">
						<flag value="BUILTIN|READONLY"/>
					</entry>
					<entry kind="macro" name="__LLACCUM_MIN__" value="(-0X1P31LLK-0X1P31LLK)">
						<flag value="BUILTIN|READONLY"/>
					</entry>
					<entry kind="macro" name="__LLFRACT_EPSILON__" value="0x1P-63LLR">
						<flag value="BUILTIN|READONLY"/>
					</entry>
					<entry kind="macro" name="__LLFRACT_FBIT__" value="63">
						<flag value="BUILTIN|READONLY"/>
					</entry>
					<entry kind="macro" name="__LLFRACT_IBIT__" value="0">
						<flag value="BUILTIN|READONLY"/>
					</entry>
					<entry kind="macro" name="__LLFRACT_MAX__" value="0X7FFFFFFFFFFFFFFFP-63LLR">
						<flag value="BUILTIN|READONLY"/>
					</entry>
					<entry kind="macro" name="__LLFRACT_MIN__" value="(-0.5LLR-0.5LLR)">
						<flag value="BUILTIN|READONLY"/>
					</entry>
					<entry kind="macro" name="__LONG_LONG_MAX__" value="9223372036854775807LL">
						<flag value="BUILTIN|READONLY"/>
					</entry>
					<entry kind="macro" name="__LONG_MAX__" value="2147483647L">
						<flag value="BUILTIN|READONLY"/>
					</entry>
					<entry kind="macro" name="__NO_INLINE__" value="1">
						<flag value="BUILTIN|READONLY"/>
					</entry>
					<entry kind="macro" name="__ORDER_BIG_ENDIAN__" value="4321">
						<flag value="BUILTIN|READONLY"/>
					</entry>
					<entry kind="macro" name="__ORDER_LITTLE_ENDIAN__" value="1234">
						<flag value="BUILTIN|READONLY"/>
					</entry>
					<entry kind="macro" name="__ORDER_PDP_ENDIAN__" value="3412">
						<flag value="BUILTIN|READONLY"/>
					</entry>
					<entry kind="macro" name="__PRAGMA_REDEFINE_EXTNAME" value="1">
						<flag value="BUILTIN|READONLY"/>
					</entry>
					<entry kind="macro" name="__PTRDIFF_MAX__" value="2147483647">
						<flag value="BUILTIN|READONLY"/>
					</entry>
					<entry kind="macro" name="__PTRDIFF_TYPE__" value="int">
						<flag value="BUILTIN|READONLY"/>
					</entry>
					<entry kind="macro" name="__QQ_FBIT__" value="7">
						<flag value="BUILTIN|READONLY"/>
					</entry>
					<entry kind="macro" name="__QQ_IBIT__" value="0">
						<flag value="BUILTIN|READONLY"/>
					</entry>
					<entry kind="macro" name="__REGISTER_PREFIX__" value="">
						<flag value="BUILTIN|READONLY"/>
					</entry>
					<entry kind="macro" name="__SACCUM_EPSILON__" value="0x1P-7HK">
						<flag value="BUILTIN|READONLY"/>
					</entry>
					<entry kind="macro" name="__SACCUM_FBIT__" value="7">
						<flag value="BUILTIN|READONLY"/>
					</entry>
					<entry kind="macro" name="__SACCUM_IBIT__" value="8">
						<flag value="BUILTIN|READONLY"/>
					</entry>
					<entry kind="macro" name="__SACCUM_MAX__" value="0X7FFFP-7HK">
						<flag value="BUILTIN|READONLY"/>
					</entry>
					<entry kind="macro" name="__SACCUM_MIN__" value="(-0X1P7HK-0X1P7HK)">
						<flag value="BUILTIN|READONLY"/>
					</entry>
					<entry kind="macro" name="__SA_FBIT__" value="15">
						<flag value="BUILTIN|READONLY"/>
					</entry>
					<entry kind="macro" name="__SA_IBIT__" value="16">
						<flag value="BUILTIN|READONLY"/>
					</entry>
					<entry kind="macro" name="__SCHAR_MAX__" value="127">
						<flag value="BUILTIN|READONLY"/>
					</entry>
					<entry kind="macro" name="__SFRACT_EPSILON__" value="0x1P-7HR">
						<flag value="BUILTIN|READONLY"/>
					</entry>
					<entry kind="macro" name="__SFRACT_FBIT__" value="7">
						<flag value="BUILTIN|READONLY"/>
					</entry>
					<entry kind="macro" name="__SFRACT_IBIT__" value="0">
						<flag value="BUILTIN|READONLY"/>
					</entry>
					<entry kind="macro" name="__SFRACT_MAX__" value="0X7FP-7HR">
						<flag value="BUILTIN|READONLY"/>
					</entry>
					<entry kind="macro" name="__SFRACT_MIN__" value="(-0.5HR-0.5HR)">
						<flag value="BUILTIN|READONLY"/>
					</entry>
					<entry kind="macro" name="__SHRT_MAX__" value="32767">
						<flag value="BUILTIN|READONLY"/>
					</entry>
					<entry kind="macro" name="__SIG_ATOMIC_MAX__" value="2147483647">
						<flag value="BUILTIN|READONLY"/>
					</entry>
					<entry kind="macro" name="__SIG_ATOMIC_MIN__" value="(-__SIG_ATOMIC_MAX__ - 1)">
						<flag value="BUILTIN|READONLY"/>
					</entry>
					<entry kind="macro" name="__SIG_ATOMIC_TYPE__" value="int">
						<flag value="BUILTIN|READONLY"/>
					</entry>
					<entry kind="macro" name="__SIZEOF_DOUBLE__" value="8">
						<flag value="BUILTIN|READONLY"/>
					</entry>
					<entry kind="macro" name="__SIZEOF_FLOAT__" value="4">
						<flag value="BUILTIN|READONLY"/>
					</entry>
					<entry kind="macro" name="__SIZEOF_INT__" value="4">
						<flag value="BUILTIN|READONLY"/>
					</entry>
					<entry kind="macro" name="__SIZEOF_LONG_DOUBLE__" value="8">
						<flag value="BUILTIN|READONLY"/>
					</entry>
					<entry kind="macro" name="__SIZEOF_LONG_LONG__" value="8">
						<flag value="BUILTIN|READONLY"/>
					</entry>
					<entry kind="macro" name="__SIZEOF_LONG__" value="4">
						<flag value="BUILTIN|READONLY"/>
					</entry>
					<entry kind="macro" name="__SIZEOF_POINTER__" value="4">
						<flag value="BUILTIN|READONLY"/>
					</entry>
					<entry kind="macro" name="__SIZEOF_PTRDIFF_T__" value="4">
						<flag value="BUILTIN|READONLY"/>
					</entry>
					<entry kind="macro" name="__SIZEOF_SHORT__" value="2">
						<flag value="BUILTIN|READONLY"/>
					</entry>
					<entry kind="macro" name="__SIZEOF_SIZE_T__" value="4">
						<flag value="BUILTIN|READONLY"/>
					</entry>
					<entry kind="macro" name="__SIZEOF_WCHAR_T__" value="4">
						<flag value="BUILTIN|READONLY"/>
					</entry>
					<entry kind="macro" name="__SIZEOF_WINT_T__" value="4">
						<flag value="BUILTIN|READONLY"/>
					</entry>
					<entry kind="macro" name="__SIZE_MAX__" value="4294967295U">
						<flag value="BUILTIN|READONLY"/>
					</entry>
					<entry kind="macro" name="__SIZE_TYPE__" value="unsigned int">
						<flag value="BUILTIN|READONLY"/>
					</entry>
					<entry kind="macro" name="__SOFTFP__" value="1">
						<flag value="BUILTIN|READONLY"/>
					</entry>
					<entry kind="macro" name="__SQ_FBIT__" value="31">
						<flag value="BUILTIN|READONLY"/>
					</entry>
					<entry kind="macro" name="__SQ_IBIT__" value="0">
						<flag value="BUILTIN|READONLY"/>
					</entry>
					<entry kind="macro" name="__STDC_HOSTED__" value="1">
						<flag value="BUILTIN|READONLY"/>
					</entry>
					<entry kind="macro" name="__STDC__" value="1">
						<flag value="BUILTIN|READONLY"/>
					</entry>
					<entry kind="macro" name="__TA_FBIT__" value="63">
						<flag value="BUILTIN|READONLY"/>
					</entry>
					<entry kind="macro" name="__TA_IBIT__" value="64">
						<flag value="BUILTIN|READONLY"/>
					</entry>
					<entry kind="macro" name="__THUMBEL__" value="1">
						<flag value="BUILTIN|READONLY"/>
					</entry>
					<entry kind="macro" name="__THUMB_INTERWORK__" value="1">
						<flag value="BUILTIN|READONLY"/>
					</entry>
					<entry kind="macro" name="__TQ_FBIT__" value="127">
						<flag value="BUILTIN|READONLY"/>
					</entry>
					<entry kind="macro" name="__TQ_IBIT__" value="0">
						<flag value="BUILTIN|READONLY"/>
					</entry>
					<entry kind="macro" name="__UACCUM_EPSILON__" value="0x1P-16UK">
						<flag value="BUILTIN|READONLY"/>
					</entry>
					<entry kind="macro" name="__UACCUM_FBIT__" value="16">
						<flag value="BUILTIN|READONLY"/>
					</entry>
					<entry kind="macro" name="__UACCUM_IBIT__" value="16">
						<flag value="BUILTIN|READONLY"/>
					</entry>
					<entry kind="macro" name="__UACCUM_MAX__" value="0XFFFFFFFFP-16UK">
						<flag value="BUILTIN|READONLY"/>
					</entry>
					<entry kind="macro" name="__UACCUM_MIN__" value="0.0UK">
						<flag value="BUILTIN|READONLY"/>
					</entry>
					<entry kind="macro" name="__UDA_FBIT__" value="32">
						<flag value="BUILTIN|READONLY"/>
					</entry>
					<entry kind="macro" name="__UDA_IBIT__" value="32">
						<flag value="BUILTIN|READONLY"/>
					</entry>
					<entry kind="macro" name="__UDQ_FBIT__" value="64">
						<flag value="BUILTIN|READONLY"/>
					</entry>
					<entry kind="macro" name="__UDQ_IBIT__" value="0">
						<flag value="BUILTIN|READONLY"/>
					</entry>
					<entry kind="macro" name="__UFRACT_EPSILON__" value="0x1P-16UR">
						<flag value="BUILTIN|READONLY"/>
					</entry>
					<entry kind="macro" name="__UFRACT_FBIT__" value="16">
						<flag value="BUILTIN|READONLY"/>
					</entry>
					<entry kind="macro" name="__UFRACT_IBIT__" value="0">
						<flag value="BUILTIN|READONLY"/>
					</entry>
					<entry kind="macro" name="__UFRACT_MAX__" value="0XFFFFP-16UR">
						<flag value="BUILTIN|READONLY"/>
					</entry>
					<entry kind="macro" name="__UFRACT_MIN__" value="0.0UR">
						<flag value="BUILTIN|READONLY"/>
					</entry>
					<entry kind="macro" name="__UHA_FBIT__" value="8">
						<flag value="BUILTIN|READONLY"/>
					</entry>
					<entry kind="macro" name="__UHA_IBIT__" value="8">
						<flag value="BUILTIN|READONLY"/>
					</entry>
					<entry kind="macro" name="__UHQ_FBIT__" value="16">
						<flag value="BUILTIN|READONLY"/>
					</entry>
					<entry kind="macro" name="__UHQ_IBIT__" value="0">
						<flag value="BUILTIN|READONLY"/>
					</entry>
					<entry kind="macro" name="__UINT16_C(c)" value="c">
						<flag value="BUILTIN|READONLY"/>
					</entry>
					<entry kind="macro" name="__UINT16_MAX__" value="65535">
						<flag value="BUILTIN|READONLY"/>
					</entry>
					<entry kind="macro" name="__UINT16_TYPE__" value="short unsigned int">
						<flag value="BUILTIN|READONLY"/>
					</entry>
					<entry kind="macro" name="__UINT32_C(c)" value="c ## UL">
						<flag value="BUILTIN|READONLY"/>
					</entry>
					<entry kind="macro" name="__UINT32_MAX__" value="4294967295UL">
						<flag value="BUILTIN|READONLY"/>
					</entry>
					<entry kind="macro" name="__UINT32_TYPE__" value="long unsigned int">
						<flag value="BUILTIN|READONLY"/>
					</entry>
					<entry kind="macro" name="__UINT64_C(c)" value="c ## ULL">
						<flag value="BUILTIN|READONLY"/>
					</entry>
					<entry kind="macro" name="__UINT64_MAX__" value="18446744073709551615ULL">
						<flag value="BUILTIN|READONLY"/>
					</entry>
					<entry kind="macro" name="__UINT64_TYPE__" value="long long unsigned int">
						<flag value="BUILTIN|READONLY"/>
					</entry>
					<entry kind="macro" name="__UINT8_C(c)" value="c">
						<flag value="BUILTIN|READONLY"/>
					</entry>
					<entry kind="macro" name="__UINT8_MAX__" value="255">
						<flag value="BUILTIN|READONLY"/>
					</entry>
					<entry kind="macro" name="__UINT8_TYPE__" value="unsigned char">
						<flag value="BUILTIN|READONLY"/>
					</entry>
					<entry kind="macro" name="__UINTMAX_C(c)" value="c ## ULL">
						<flag value="BUILTIN|READONLY"/>
					</entry>
					<entry kind="macro" name="__UINTMAX_MAX__" value="18446744073709551615ULL">
						<flag value="BUILTIN|READONLY"/>
					</entry>
					<entry kind="macro" name="__UINTMAX_TYPE__" value="long long unsigned int">
						<flag value="BUILTIN|READONLY"/>
					</entry>
					<entry kind="macro" name="__UINTPTR_MAX__" value="4294967295U">
						<flag value="BUILTIN|READONLY"/>
					</entry>
					<entry kind="macro" name="__UINTPTR_TYPE__" value="unsigned int">
						<flag value="BUILTIN|READONLY"/>
					</entry>
					<entry kind="macro" name="__UINT_FAST16_MAX__" value="4294967295U">
						<flag value="BUILTIN|READONLY"/>
					</entry>
					<entry kind="macro" name="__UINT_FAST16_TYPE__" value="unsigned int">
						<flag value="BUILTIN|READONLY"/>
					</entry>
					<entry kind="macro" name="__UINT_FAST32_MAX__" value="4294967295U">
						<flag value="BUILTIN|READONLY"/>
					</entry>
					<entry kind="macro" name="__UINT_FAST32_TYPE__" value="unsigned int">
						<flag value="BUILTIN|READONLY"/>
					</entry>
					<entry kind="macro" name="__UINT_FAST64_MAX__" value="18446744073709551615ULL">
						<flag value="BUILTIN|READONLY"/>
					</entry>
					<entry kind="macro" name="__UINT_FAST64_TYPE__" value="long long unsigned int">
						<flag value="BUILTIN|READONLY"/>
					</entry>
					<entry kind="macro" name="__UINT_FAST8_MAX__" value="4294967295U">
						<flag value="BUILTIN|READONLY"/>
					</entry>
					<entry kind="macro" name="__UINT_FAST8_TYPE__" value="unsigned int">
						<flag value="BUILTIN|READONLY"/>
					</entry>
					<entry kind="macro" name="__UINT_LEAST16_MAX__" value="65535">
						<flag value="BUILTIN|READONLY"/>
					</entry>
					<entry kind="macro" name="__UINT_LEAST16_TYPE__" value="short unsigned int">
						<flag value="BUILTIN|READONLY"/>
					</entry>
					<entry kind="macro" name="__UINT_LEAST32_MAX__" value="4294967295UL">
						<flag value="BUILTIN|READONLY"/>
					</entry>
					<entry kind="macro" name="__UINT_LEAST32_TYPE__" value="long unsigned int">
						<flag value="BUILTIN|READONLY"/>
					</entry>
					<entry kind="macro" name="__UINT_LEAST64_MAX__" value="18446744073709551615ULL">
						<flag value="BUILTIN|READONLY"/>
					</entry>
					<entry kind="macro" name="__UINT_LEAST64_TYPE__" value="long long unsigned int">
						<flag value="BUILTIN|READONLY"/>
					</entry>
					<entry kind="macro" name="__UINT_LEAST8_MAX__" value="255">
						<flag value="BUILTIN|READONLY"/>
					</entry>
					<entry kind="macro" name="__UINT_LEAST8_TYPE__" value="unsigned char">
						<flag value="BUILTIN|READONLY"/>
					</entry>
					<entry kind="macro" name="__ULACCUM_EPSILON__" value="0x1P-32ULK">
						<flag value="BUILTIN|READONLY"/>
					</entry>
					<entry kind="macro" name="__ULACCUM_FBIT__" value="32">
						<flag value="BUILTIN|READONLY"/>
					</entry>
					<entry kind="macro" name="__ULACCUM_IBIT__" value="32">
						<flag value="BUILTIN|READONLY"/>
					</entry>
					<entry kind="macro" name="__ULACCUM_MAX__" value="0XFFFFFFFFFFFFFFFFP-32ULK">
						<flag value="BUILTIN|READONLY"/>
					</entry>
					<entry kind="macro" name="__ULACCUM_MIN__" value="0.0ULK">
						<flag value="BUILTIN|READONLY"/>
					</entry>
					<entry kind="macro" name="__ULFRACT_EPSILON__" value="0x1P-32ULR">
						<flag value="BUILTIN|READONLY"/>
					</entry>
					<entry kind="macro" name="__ULFRACT_FBIT__" value="32">
						<flag value="BUILTIN|READONLY"/>
					</entry>
					<entry kind="macro" name="__ULFRACT_IBIT__" value="0">
						<flag value="BUILTIN|READONLY"/>
					</entry>
					<entry kind="macro" name="__ULFRACT_MAX__" value="0XFFFFFFFFP-32ULR">
						<flag value="BUILTIN|READONLY"/>
					</entry>
					<entry kind="macro" name="__ULFRACT_MIN__" value="0.0ULR">
						<flag value="BUILTIN|READONLY"/>
					</entry>
					<entry kind="macro" name="__ULLACCUM_EPSILON__" value="0x1P-32ULLK">
						<flag value="BUILTIN|READONLY"/>
					</entry>
					<entry kind="macro" name="__ULLACCUM_FBIT__" value="32">
						<flag value="BUILTIN|READONLY"/>
					</entry>
					<entry kind="macro" name="__ULLACCUM_IBIT__" value="32">
						<flag value="BUILTIN|READONLY"/>
					</entry>
					<entry kind="macro" name="__ULLACCUM_MAX__" value="0XFFFFFFFFFFFFFFFFP-32ULLK">
						<flag value="BUILTIN|READONLY"/>
					</entry>
					<entry kind="macro" name="__ULLACCUM_MIN__" value="0.0ULLK">
						<flag value="BUILTIN|READONLY"/>
					</entry>
					<entry kind="macro" name="__ULLFRACT_EPSILON__" value="0x1P-64ULLR">
						<flag value="BUILTIN|READONLY"/>
					</entry>
					<entry kind="macro" name="__ULLFRACT_FBIT__" value="64">
						<flag value="BUILTIN|READONLY"/>
					</entry>
					<entry kind="macro" name="__ULLFRACT_IBIT__" value="0">
						<flag value="BUILTIN|READONLY"/>
					</entry>
					<entry kind="macro" name="__ULLFRACT_MAX__" value="0XFFFFFFFFFFFFFFFFP-64ULLR">
						<flag value="BUILTIN|READONLY"/>
					</entry>
					<entry kind="macro" name="__ULLFRACT_MIN__" value="0.0ULLR">
						<flag value="BUILTIN|READONLY"/>
					</entry>
					<entry kind="macro" name="__UQQ_FBIT__" value="8">
						<flag value="BUILTIN|READONLY"/>
					</entry>
					<entry kind="macro" name="__UQQ_IBIT__" value="0">
						<flag value="BUILTIN|READONLY"/>
					</entry>
					<entry kind="macro" name="__USACCUM_EPSILON__" value="0x1P-8UHK">
						<flag value="BUILTIN|READONLY"/>
					</entry>
					<entry kind="macro" name="__USACCUM_FBIT__" value="8">
						<flag value="BUILTIN|READONLY"/>
					</entry>
					<entry kind="macro" name="__USACCUM_IBIT__" value="8">
						<flag value="BUILTIN|READONLY"/>
					</entry>
					<entry kind="macro" name="__USACCUM_MAX__" value="0XFFFFP-8UHK">
						<flag value="BUILTIN|READONLY"/>
					</entry>
					<entry kind="macro" name="__USACCUM_MIN__" value="0.0UHK">
						<flag value="BUILTIN|READONLY"/>
					</entry>
					<entry kind="macro" name="__USA_FBIT__" value="16">
						<flag value="BUILTIN|READONLY"/>
					</entry>
					<entry kind="macro" name="__USA_IBIT__" value="16">
						<flag value="BUILTIN|READONLY"/>
					</entry>
					<entry kind="macro" name="__USER_LABEL_PREFIX__" value="">
						<flag value="BUILTIN|READONLY"/>
					</entry>
					<entry kind="macro" name="__USES_INITFINI__" value="1">
						<flag value="BUILTIN|READONLY"/>
					</entry>
					<entry kind="macro" name="__USFRACT_EPSILON__" value="0x1P-8UHR">
						<flag value="BUILTIN|READONLY"/>
					</entry>
					<entry kind="macro" name="__USFRACT_FBIT__" value="8">
						<flag value="BUILTIN|READONLY"/>
					</entry>
					<entry kind="macro" name="__USFRACT_IBIT__" value="0">
						<flag value="BUILTIN|READONLY"/>
					</entry>
					<entry kind="macro" name="__USFRACT_MAX__" value="0XFFP-8UHR">
						<flag value="BUILTIN|READONLY"/>
					</entry>
					<entry kind="macro" name="__USFRACT_MIN__" value="0.0UHR">
						<flag value="BUILTIN|READONLY"/>
					</entry>
					<entry kind="macro" name="__USQ_FBIT__" value="32">
						<flag value="BUILTIN|READONLY"/>
					</entry>
					<entry kind="macro" name="__USQ_IBIT__" value="0">
						<flag value="BUILTIN|READONLY"/>
					</entry>
					<entry kind="macro" name="__UTA_FBIT__" value="64">
						<flag value="BUILTIN|READONLY"/>
					</entry>
					<entry kind="macro" name="__UTA_IBIT__" value="64">
						<flag value="BUILTIN|READONLY"/>
					</entry>
					<entry kind="macro" name="__UTQ_FBIT__" value="128">
						<flag value="BUILTIN|READONLY"/>
					</entry>
					<entry kind="macro" name="__UTQ_IBIT__" value="0">
						<flag value="BUILTIN|READONLY"/>
					</entry>
					<entry kind="macro" name="__VERSION__" value="&quot;4.7.3&quot;">
						<flag value="BUILTIN|READONLY"/>
					</entry>
					<entry kind="macro" name="__VFP_FP__" value="1">
						<flag value="BUILTIN|READONLY"/>
					</entry>
					<entry kind="macro" name="__WCHAR_MAX__" value="4294967295U">
						<flag value="BUILTIN|READONLY"/>
					</entry>
					<entry kind="macro" name="__WCHAR_MIN__" value="0U">
						<flag value="BUILTIN|READONLY"/>
					</entry>
					<entry kind="macro" name="__WCHAR_TYPE__" value="unsigned int">
						<flag value="BUILTIN|READONLY"/>
					</entry>
					<entry kind="macro" name="__WCHAR_UNSIGNED__" value="1">
						<flag value="BUILTIN|READONLY"/>
					</entry>
					<entry kind="macro" name="__WINT_MAX__" value="4294967295U">
						<flag value="BUILTIN|READONLY"/>
					</entry>
					<entry kind="macro" name="__WINT_MIN__" value="0U">
						<flag value="BUILTIN|READONLY"/>
					</entry>
					<entry kind="macro" name="__WINT_TYPE__" value="unsigned int">
						<flag value="BUILTIN|READONLY"/>
					</entry>
					<entry kind="macro" name="__arm__" value="1">
						<flag value="BUILTIN|READONLY"/>
					</entry>
					<entry kind="macro" name="__cplusplus" value="199711L">
						<flag value="BUILTIN|READONLY"/>
					</entry>
					<entry kind="macro" name="__thumb2__" value="1">
						<flag value="BUILTIN|READONLY"/>
					</entry>
					<entry kind="macro" name="__thumb__" value="1">
						<flag value="BUILTIN|READONLY"/>
					</entry>
				</language>
			</provider>
		</extension>
	</configuration>
</project>
