{
    "apps": [
        {
            "binary-arm-cm4": "Release_cm4/Activity",
            "brief": "Activity Tracker",
            "category": "Utilities",
            "description": "Track your activity while your ride, hike, bike or climb.  Also, includes automatic brightness control based on your activity.",
            "files": [
                "shot0.png",
                "shot1.png"
            ],
            "images": [
                "shot0.png",
                "shot1.png",
                "shot2.png"
            ],
            "name": "Activity",
            "preview": "shot0.png",
            "pub": "Fogo",
            "tags": [
                "utility",
                "fitness",
                "activity"
            ],
            "version": "0.0.2"
        },
        {
            "binary-arm-cm4": "Release_cm4/Clock",
            "brief": "Clock, Stopwatch, and Timer",
            "category": "Utilities",
            "description": "The Fogo Clock app is a simple clock, stopwatch, and timer application",
            "images": [
                "shot0.png",
                "shot1.png",
                "shot2.png"
            ],
            "name": "Clock",
            "preview": "shot2.png",
            "pub": "Fogo",
            "tags": [
                "utility",
                "clock"
            ],
            "version": "0.0.2"
        },
        {
            "binary-arm-cm4": "Release_cm4/Compass",
            "brief": "Magnetic Compass",
            "category": "Utilities",
            "description": "The Fogo Compass app is a simple magnetic sensor compass.",
            "images": [
                "shot0.png"
            ],
            "name": "Compass",
            "preview": "shot0.png",
            "pub": "Fogo",
            "tags": [
                "utility",
                "navigation",
                "location"
            ],
            "version": "0.0.2"
        },
        {
            "binary-arm-cm4": "Release_cm4/Flashlight",
            "brief": "Flashlight",
            "category": "Utilities",
            "description": "The Fogo Flashlight app has low, medium, high and strobe settings.",
            "images": [
                "shot0.png",
                "shot1.png",
                "shot2.png"
            ],
            "name": "Flashlight",
            "preview": "shot0.png",
            "pub": "Fogo",
            "tags": [
                "utility",
                "flashlight"
            ],
            "version": "0.0.2"
        },
        {
            "binary-arm-cm4": "Release_cm4/Maps",
            "brief": "View Maps and Navigate Waypoints",
            "category": "Utilities",
            "description": "The Maps App allows you to view basic maps and navigate from waypoint to waypoint",
            "images": [
                "maps-close.png",
                "maps-menu.png"
            ],
            "name": "Maps",
            "preview": "maps-close.png",
            "pub": "Fogo",
            "size": "33KB",
            "tags": [
                "utility",
                "maps",
                "navigation",
                "waypoints",
                "geocache",
                "featured"
            ],
            "version": "0.0.1"
        },
        {
            "binary-arm-cm4": "Release_cm4/Messages",
            "brief": "Send and Receive Text and Voice Messages",
            "category": "Utilities",
            "description": "The Fogo Messages apps allows you to send text and voice messages to nearby Fogo users.  You can also share your GPS location and other data.",
            "images": [
                "message_sent.png",
                "message_input.png"
            ],
            "name": "Messages",
            "preview": "message_sent.png",
            "pub": "Fogo",
            "tags": [
                "utility",
                "messages",
                "communication",
                "text",
                "featured"
            ],
            "version": "0.0.3"
        },
        {
            "binary-arm-cm4": "Release_cm4/MorseCode",
            "brief": "View Maps and Navigate Waypoints",
            "category": "Utilities",
            "description": "The Morse Code App allows you to send morse code signals using the flashlight.",
            "images": [
                "maps-close.png",
                "maps-menu.png"
            ],
            "name": "MorseCode",
            "preview": "maps-close.png",
            "pub": "Fogo",
            "tags": [
                "utility",
                "flashlight",
                "emergency",
                "featured"
            ],
            "version": "0.0.2"
        },
        {
            "binary-arm-cm4": "Release_cm4/Talk",
            "brief": "Talk to Fogo users in the area",
            "category": "Utilities",
            "description": "The Fogo Talk app allows you to talk to nearby Fogo users walkie-talkie style.",
            "images": [
                "message_sent.png",
                "message_input.png"
            ],
            "name": "Talk",
            "preview": "message_sent.png",
            "pub": "Fogo",
            "tags": [
                "utility",
                "talk",
                "communication",
                "text"
            ],
            "version": "0.0.1"
        }
    ],
    "kernel": {
        "coproc-image": "../fogo-coproc/Release/fogo-coproc",
        "kernel-image": "build_lpc407x_8x/fogo-kernel.bin",
        "kernel-version": "1.7.0",
        "name": "FogoOS",
        "pub": "Fogo",
        "sys-apps": [
            "../apps/System/Release_cm4/System",
            "../apps/Appman/Release_cm4/Appman",
            "../apps/About/Release_cm4/About",
            "../apps/Settings/Release_cm4/Settings",
            "../apps/Status/Release_cm4/Status",
            "../apps/Utilman/Release_cm4/Utilman"
        ],
        "sys-fonts": [
            "bdata/roboto-bold-48.mbf",
            "bdata/roboto-light-48.mbf"
        ],
        "util-apps": [
            "../apps/Fuelgauge/Release_cm4/Fuelgauge",
            "../apps/Radio/Release_cm4/Radio",
            "../apps/Bluetooth/Release_cm4/Bluetooth",
            "../apps/BiST/Release_cm4/BiST",
            "../apps/CoP-Loader/Release_cm4/CoP-Loader",
            "../apps/Accel/Release_cm4/Accel"
        ],
        "version": "0.3.0"
    }
}
